nitrogen,phosphorus,potassium,temperature,humidity,ph,rainfall,crop
69,29,22,25.92,60,6.62,197,potato
40,33,16,32.22,75,6.29,203,potato
92,23,59,30.28,60,5.42,130,soybean
57,15,19,37.31,53,7.34,193,onion
60,19,13,18.56,63,7.23,117,wheat
78,15,35,34.93,77,7.06,298,onion
56,36,53,30.2,85,5.76,156,groundnut
92,30,11,36.88,85,6.49,195,rice
83,48,55,24.15,85,7.57,263,millets
93,54,40,24.55,71,5.75,205,tomato
66,33,33,31.76,91,5.68,133,tomato
36,29,12,20.92,75,5.52,258,groundnut
75,17,19,34.38,63,7.44,224,cotton
59,20,29,27.85,95,7.18,143,maize
59,55,31,26.66,87,6.34,95,cotton
78,28,12,28.53,92,6.12,228,onion
90,60,42,19.24,58,5.99,256,potato
86,23,12,20.91,87,7.35,152,rice
55,42,44,31.24,75,6.63,186,potato
81,28,33,37.83,52,7.44,105,soybean
66,40,56,23.82,76,5.93,280,wheat
58,44,51,37.98,95,7.27,274,rice
40,45,41,32.78,83,6.87,104,sugarcane
43,29,32,35.29,61,5.77,183,cotton
64,52,46,36.69,79,7.17,251,groundnut
72,57,26,27.23,67,6.51,297,sugarcane
47,49,30,21.35,82,6.29,99,rice
55,10,47,26.69,58,5.68,191,soybean
68,28,12,19.06,54,6.15,225,wheat
48,19,20,33.64,71,5.69,174,wheat
95,49,57,26.08,60,6.44,197,millets
81,23,38,24.08,54,5.75,256,potato
40,53,53,34.98,53,6.13,267,tomato
85,55,22,32.7,88,7.76,65,millets
55,54,28,36.83,51,5.54,125,maize
82,22,42,18.17,85,6.54,60,rice
84,54,36,26.1,60,7.12,102,wheat
71,14,56,32.76,88,7.56,118,wheat
93,30,25,28.47,65,7.28,65,rice
74,11,45,35.5,84,7.77,121,onion
47,31,58,36.68,60,5.16,125,millets
30,58,45,19.1,81,5.77,227,cotton
68,29,55,19.68,52,5.76,86,tomato
84,18,36,19.05,89,7.21,106,maize
65,48,24,20.75,75,7.14,218,cotton
58,18,22,34.81,69,7.72,133,groundnut
58,45,51,33.81,78,5.61,69,groundnut
81,39,32,25.84,50,7.34,186,cotton
32,58,39,29.79,57,7.75,92,rice
41,39,13,21.59,73,5.38,108,maize
42,45,25,27.0,69,5.95,99,onion
36,60,47,30.41,70,5.92,215,soybean
86,34,41,28.45,92,7.74,89,rice
39,59,56,34.82,82,5.62,85,millets
68,21,26,34.37,51,7.03,278,wheat
66,50,20,29.65,79,7.09,264,maize
48,36,36,24.92,69,6.29,98,soybean
61,21,44,30.8,91,6.5,278,millets
59,44,41,36.89,70,5.76,108,wheat
66,32,32,30.35,63,7.28,143,groundnut
80,32,46,18.86,95,7.6,59,tomato
95,53,50,30.11,65,6.64,53,millets
40,33,33,23.34,51,5.84,96,wheat
80,52,53,32.89,88,6.19,66,maize
71,12,50,19.52,90,5.57,293,maize
42,46,60,23.37,88,5.37,128,maize
33,54,23,27.52,93,7.31,259,onion
35,20,23,22.51,84,6.66,133,millets
43,10,39,33.91,60,7.68,50,barley
77,28,40,23.39,94,5.96,211,cotton
95,51,23,20.81,57,6.35,178,groundnut
79,44,38,25.84,80,5.45,295,wheat
46,50,23,35.76,52,7.32,163,barley
69,28,35,24.56,80,7.25,272,maize
55,49,44,18.82,64,7.77,206,soybean
64,18,18,27.45,52,7.04,176,groundnut
66,22,21,31.98,55,7.14,114,onion
89,58,36,26.34,59,7.38,188,groundnut
51,44,28,25.66,65,6.25,176,onion
43,11,42,25.29,72,7.21,99,sugarcane
68,53,13,36.85,95,5.29,169,potato
95,44,24,33.62,89,5.83,192,soybean
68,37,31,24.39,89,5.21,292,groundnut
30,27,43,34.95,84,7.41,106,rice
84,58,52,20.52,52,7.35,195,maize
91,11,58,22.65,78,6.03,152,tomato
72,55,36,35.82,80,7.57,82,cotton
80,38,40,18.96,55,6.08,98,maize
64,37,18,20.05,82,6.85,63,cotton
67,44,60,24.57,52,7.36,83,tomato
62,53,26,20.47,68,6.42,206,maize
37,53,42,19.89,65,7.42,66,groundnut
36,46,23,21.32,73,6.39,231,cotton
87,19,37,36.79,76,6.59,294,barley
60,22,10,20.99,51,7.51,227,potato
32,10,49,36.99,56,7.57,119,cotton
35,10,48,24.84,53,6.87,204,rice
44,45,17,30.14,79,7.32,161,groundnut
62,43,50,29.39,57,5.54,74,rice
82,39,52,25.12,94,6.53,145,sugarcane
47,44,54,37.27,84,7.0,90,maize
46,45,54,36.24,93,5.75,237,maize
86,38,54,29.19,89,6.91,67,onion
81,46,51,22.18,85,7.54,295,potato
42,40,24,22.48,83,6.77,189,sugarcane
61,24,28,21.91,56,7.57,257,groundnut
54,28,52,33.27,67,5.53,92,rice
44,41,50,22.9,61,5.93,274,tomato
62,46,29,31.47,69,5.48,283,cotton
71,17,58,35.27,65,6.35,92,sugarcane
79,32,36,25.27,80,7.16,268,barley
37,51,20,29.82,81,7.36,227,cotton
91,18,20,24.32,83,6.01,283,rice
33,24,37,29.62,83,5.63,284,millets
94,25,20,37.74,85,5.68,297,groundnut
90,49,31,31.85,66,5.08,241,millets
31,34,35,37.36,53,6.58,105,sugarcane
78,36,11,35.54,89,6.2,160,soybean
73,28,39,26.29,53,7.78,236,millets
60,47,18,34.5,90,6.25,290,potato
72,15,40,32.9,55,6.84,87,soybean
69,19,53,28.78,66,6.24,291,rice
69,29,16,21.75,91,7.55,165,groundnut
42,31,42,22.48,95,6.04,271,rice
35,31,47,24.32,63,5.19,282,rice
85,18,11,34.44,53,5.04,130,rice
39,36,55,24.15,53,7.38,212,maize
78,51,49,28.66,93,6.1,71,maize
44,46,33,21.82,85,5.83,196,tomato
51,27,10,33.89,88,5.5,164,groundnut
60,54,42,35.43,80,6.37,70,wheat
67,24,45,35.04,62,5.21,193,cotton
35,59,52,34.84,68,6.43,206,groundnut
59,29,47,18.65,75,7.46,92,wheat
77,19,20,23.96,67,6.24,282,potato
64,17,18,21.63,56,7.19,112,tomato
67,36,58,35.26,65,5.29,230,tomato
31,50,15,30.02,94,6.62,211,sugarcane
53,21,44,27.4,74,6.88,86,maize
84,58,20,33.77,83,5.77,225,wheat
32,41,56,34.6,62,6.24,285,cotton
81,34,45,35.88,58,7.31,163,millets
93,15,57,33.15,92,6.08,192,soybean
47,58,40,28.32,84,5.66,251,soybean
93,48,24,19.89,88,7.39,103,tomato
78,40,55,36.53,75,6.06,62,onion
68,12,28,37.8,87,7.09,116,cotton
39,27,13,27.97,62,7.58,300,potato
87,33,60,29.56,80,5.92,116,soybean
93,39,37,30.75,85,7.55,201,cotton
32,54,54,30.3,57,5.83,204,millets
47,27,46,32.75,92,5.27,100,soybean
69,45,34,25.1,50,7.21,258,sugarcane
59,47,34,37.87,90,7.7,98,sugarcane
95,60,33,18.8,76,6.37,71,maize
58,31,26,34.31,62,7.79,52,groundnut
71,47,52,24.37,88,7.56,279,soybean
86,15,55,26.6,89,5.45,159,cotton
78,31,15,31.04,52,5.44,213,rice
43,48,47,20.42,87,7.22,87,potato
47,28,32,36.86,53,7.73,184,sugarcane
38,22,18,18.44,63,6.91,188,sugarcane
41,11,23,21.68,51,7.22,296,wheat
69,15,24,18.44,95,7.49,99,tomato
30,21,23,32.96,82,6.48,219,tomato
46,49,22,25.89,75,6.54,64,sugarcane
47,29,59,22.25,81,7.54,149,millets
47,12,59,37.44,80,7.44,289,onion
77,14,11,34.0,54,6.77,282,onion
36,39,55,31.9,75,7.73,296,onion
50,44,10,29.07,76,7.12,289,tomato
37,50,15,26.95,53,6.95,189,barley
84,16,19,28.98,92,5.87,234,tomato
72,37,35,26.74,94,6.1,166,rice
41,18,58,28.14,67,6.29,91,groundnut
49,43,49,30.56,91,6.04,290,onion
59,44,18,36.99,92,7.66,206,onion
62,60,28,29.14,50,6.55,94,soybean
75,38,57,23.68,66,5.28,299,barley
87,59,49,27.98,85,6.04,187,wheat
40,15,51,25.83,61,6.64,223,soybean
84,13,50,34.8,73,6.76,207,soybean
88,26,45,23.05,51,5.07,200,onion
39,35,19,25.36,91,7.15,226,millets
36,52,31,25.53,61,7.19,106,groundnut
60,56,56,35.39,62,6.43,289,barley
65,39,38,36.77,75,7.01,223,cotton
50,53,22,20.8,77,6.52,282,sugarcane
30,31,44,24.2,95,7.16,172,sugarcane
49,35,22,20.77,85,5.69,245,potato
35,44,25,30.52,61,7.19,113,sugarcane
88,17,55,33.35,82,6.28,131,rice
56,19,37,20.55,82,6.92,87,barley
66,58,30,27.27,89,5.36,88,sugarcane
91,36,48,21.49,94,6.86,209,sugarcane
69,47,15,19.01,94,5.38,157,sugarcane
54,15,49,27.78,78,7.42,110,groundnut
47,36,47,22.71,78,7.54,254,millets
53,54,55,32.46,77,5.36,263,maize
55,55,31,26.94,89,5.51,98,potato
91,40,48,23.97,76,6.21,124,onion
90,16,60,18.01,57,6.28,162,maize
38,26,38,19.67,92,7.74,55,soybean
39,39,16,37.32,74,7.7,273,barley
78,10,14,32.24,60,5.58,300,potato
87,49,21,24.82,54,5.57,132,wheat
49,55,18,21.31,58,6.04,254,millets
51,47,43,20.27,78,6.03,96,tomato
90,10,52,24.7,84,7.28,86,sugarcane
40,27,53,36.94,60,7.78,82,groundnut
71,15,22,36.58,76,6.54,202,cotton
54,33,56,20.81,75,7.3,254,rice
89,17,47,20.48,82,5.93,255,onion
42,14,50,36.51,83,5.39,69,onion
46,20,55,20.94,77,6.6,62,potato
53,18,27,29.38,68,7.36,237,groundnut
92,12,50,36.61,56,7.39,177,sugarcane
31,53,60,36.73,67,5.06,77,onion
54,33,37,23.19,52,5.66,217,cotton
34,54,36,33.86,87,5.77,119,potato
54,46,53,34.5,63,6.81,66,cotton
36,49,10,29.41,74,6.91,290,barley
39,32,39,28.72,52,6.75,247,groundnut
69,59,50,20.94,78,6.04,213,soybean
60,47,12,21.75,50,6.15,223,rice
32,51,19,27.81,54,6.62,176,wheat
66,55,20,30.24,80,7.73,218,tomato
40,32,35,24.63,51,5.45,200,potato
56,17,31,18.91,70,7.31,235,groundnut
79,33,15,32.51,73,5.22,50,onion
54,36,25,26.37,79,5.04,116,groundnut
91,28,33,24.94,69,7.36,117,rice
46,13,54,22.03,58,6.2,51,sugarcane
83,57,20,34.07,86,5.16,123,onion
60,35,16,28.69,55,7.73,78,millets
33,58,52,33.25,91,7.21,57,cotton
83,13,38,33.8,91,5.31,245,millets
54,55,51,24.27,61,7.09,83,maize
47,19,47,28.86,69,5.15,167,tomato
43,52,13,33.99,61,7.07,209,onion
91,11,38,24.79,54,7.64,158,soybean
42,47,39,31.19,86,5.89,281,millets
60,43,35,23.99,65,5.86,282,barley
71,25,26,19.73,67,5.44,256,wheat
80,36,16,32.81,67,5.1,286,wheat
37,48,36,21.79,52,7.36,238,tomato
81,24,37,29.33,88,5.04,134,onion
40,23,42,27.45,64,5.27,162,rice
34,23,25,37.97,62,7.3,169,rice
74,15,49,22.83,82,6.3,294,tomato
70,48,44,30.31,93,5.61,125,cotton
58,53,30,22.54,52,5.92,248,potato
73,47,10,24.14,65,5.44,171,cotton
89,42,46,28.92,87,6.99,180,wheat
68,18,54,23.02,72,6.79,250,soybean
92,39,40,19.9,70,7.39,149,rice
87,52,20,32.5,70,7.68,174,onion
40,21,50,28.82,79,7.37,60,millets
63,22,36,18.08,74,6.54,192,barley
35,29,26,26.55,67,7.41,288,sugarcane
42,18,51,21.41,51,7.09,185,soybean
62,14,56,29.36,51,7.49,281,cotton
86,28,44,33.82,84,7.17,248,cotton
59,14,34,22.52,71,5.29,225,cotton
79,50,39,26.05,77,7.39,136,millets
90,16,35,31.19,63,5.43,293,barley
58,48,27,32.98,82,7.4,229,soybean
54,48,38,31.09,88,6.13,105,sugarcane
88,23,15,21.71,84,7.67,130,rice
49,54,33,33.56,83,5.55,238,sugarcane
43,16,46,32.26,69,6.37,220,wheat
88,47,38,24.81,78,7.01,153,cotton
47,37,41,23.11,56,5.2,226,sugarcane
77,59,37,36.65,59,5.73,204,maize
47,11,18,30.88,54,5.82,120,onion
78,27,15,37.41,61,5.92,190,onion
86,47,55,29.52,58,5.39,110,sugarcane
50,32,58,21.48,60,5.39,72,cotton
79,31,26,37.33,74,6.68,247,onion
64,20,47,33.4,85,5.99,272,potato
59,11,35,29.35,73,5.5,255,soybean
56,22,50,24.2,77,6.44,127,cotton
35,29,43,19.0,50,5.9,120,millets
38,52,37,23.38,68,5.36,205,groundnut
36,53,27,25.63,55,7.16,53,sugarcane
48,29,33,18.91,64,7.53,51,wheat
72,24,27,27.95,67,5.78,262,onion
32,58,51,19.16,66,6.64,129,maize
54,14,14,21.73,80,5.75,200,potato
73,54,24,33.16,66,6.68,278,cotton
45,14,33,23.57,94,5.8,50,wheat
75,26,37,21.54,89,5.2,98,cotton
65,40,24,33.58,52,6.1,212,millets
64,14,11,34.08,62,5.58,133,rice
85,11,25,23.34,53,7.1,52,barley
57,60,20,28.78,72,5.72,251,wheat
77,38,44,29.0,77,6.1,207,onion
89,13,60,36.74,63,5.32,86,wheat
83,45,56,21.23,51,5.97,261,onion
84,51,40,35.04,67,6.42,76,tomato
90,47,27,37.92,92,6.73,284,wheat
84,19,59,31.9,88,5.62,131,barley
71,44,60,35.99,63,5.28,277,onion
92,57,44,22.33,64,6.16,207,barley
60,45,58,31.9,72,6.08,101,potato
88,32,45,27.52,50,7.64,141,soybean
74,21,59,19.33,88,5.25,143,tomato
38,29,36,20.06,82,6.17,94,groundnut
93,46,18,21.9,82,5.56,84,cotton
76,56,21,20.16,81,5.96,108,wheat
37,34,58,19.99,50,6.32,56,groundnut
55,50,60,23.35,76,6.56,285,barley
77,55,16,32.5,79,6.89,70,sugarcane
93,38,23,29.42,94,5.41,160,cotton
88,40,56,24.14,77,5.51,51,onion
74,37,40,24.09,63,5.24,219,groundnut
43,33,32,34.03,61,5.49,146,onion
46,26,19,25.79,80,6.33,269,rice
53,33,12,35.88,87,5.15,50,cotton
58,20,52,31.26,81,6.01,287,cotton
64,34,22,29.69,57,5.64,280,soybean
59,22,31,28.84,60,7.31,263,rice
84,26,53,18.61,56,6.46,93,cotton
70,21,59,36.39,87,7.03,261,groundnut
61,20,30,22.36,88,7.47,160,wheat
83,21,51,24.93,83,5.09,244,soybean
36,41,30,29.89,82,5.52,195,rice
69,49,17,30.9,55,5.45,147,sugarcane
49,50,43,31.61,52,7.24,273,potato
58,54,19,37.0,52,6.4,287,groundnut
38,27,31,27.6,59,7.79,268,maize
77,32,15,21.14,51,7.2,188,barley
33,16,34,31.64,74,6.24,246,soybean
56,46,55,30.59,81,7.19,180,maize
42,40,21,25.02,58,5.41,142,wheat
78,48,26,32.1,55,5.65,179,onion
35,50,14,23.77,56,7.28,169,wheat
30,11,24,23.0,60,5.13,141,soybean
86,13,31,33.83,66,6.32,146,tomato
62,19,18,33.58,84,5.43,296,wheat
83,30,47,24.15,94,6.23,241,barley
31,17,48,26.55,64,5.01,81,onion
67,38,38,32.95,62,7.21,195,cotton
41,40,31,31.87,90,5.13,258,tomato
86,56,60,34.82,79,6.49,100,potato
57,54,47,26.4,76,5.24,50,wheat
87,53,51,21.07,62,6.85,216,potato
74,37,11,31.45,56,5.81,187,sugarcane
40,16,16,36.44,90,6.98,117,potato
66,43,52,27.28,50,5.33,272,millets
41,12,21,29.97,55,7.06,231,millets
91,34,40,37.31,84,6.26,262,barley
56,16,13,32.46,63,7.07,243,potato
83,16,38,25.21,86,6.43,235,wheat
68,30,21,30.8,75,6.49,269,cotton
41,24,47,28.88,60,6.81,212,maize
57,24,60,27.95,88,6.29,186,sugarcane
65,14,43,28.79,66,5.42,226,rice
91,38,50,20.72,73,5.51,98,barley
38,25,29,28.4,52,6.59,157,barley
40,22,52,20.52,83,7.31,166,onion
37,34,10,24.78,65,5.47,75,tomato
77,20,32,27.35,84,7.17,152,millets
93,15,33,32.09,90,7.25,102,tomato
38,21,23,34.62,89,6.12,192,cotton
54,29,55,30.69,63,6.15,224,wheat
55,50,24,31.07,55,6.56,271,groundnut
61,12,48,35.2,63,7.04,286,soybean
88,10,34,24.59,89,5.95,203,potato
39,21,34,25.11,94,5.76,146,tomato
87,28,43,25.17,65,7.73,280,barley
30,13,47,20.37,52,7.4,62,wheat
83,15,28,19.6,73,6.28,243,tomato
65,28,30,19.88,65,5.32,200,onion
68,46,42,35.6,50,5.44,111,groundnut
91,54,44,25.2,85,5.12,170,maize
36,12,28,20.86,78,5.09,126,sugarcane
54,42,39,23.57,60,7.02,187,maize
58,30,25,37.79,87,5.05,250,sugarcane
52,43,60,37.28,82,6.56,179,sugarcane
35,15,17,31.0,71,5.42,133,soybean
47,52,56,29.69,61,7.48,220,potato
68,46,26,27.18,53,6.51,171,barley
55,60,31,25.64,88,7.49,284,cotton
68,52,33,37.77,85,6.9,218,millets
69,57,28,33.0,60,5.11,116,soybean
70,56,35,32.57,87,6.8,260,potato
54,32,39,20.81,52,5.91,124,rice
39,27,57,23.1,53,7.38,225,potato
51,40,29,28.88,52,5.7,131,millets
52,51,43,30.12,54,5.07,78,onion
38,38,27,25.1,70,6.08,204,groundnut
39,55,59,18.7,78,6.99,203,cotton
88,47,54,26.86,86,5.52,267,potato
87,49,21,28.55,88,5.94,73,soybean
85,52,60,36.01,85,5.77,67,rice
77,40,36,24.03,77,6.8,294,rice
60,37,59,30.0,53,7.61,177,maize
55,19,41,29.9,85,7.8,218,wheat
44,15,25,31.46,78,6.42,291,millets
54,57,41,22.22,66,7.33,216,cotton
90,18,19,30.18,91,5.94,157,millets
31,14,60,35.78,64,6.06,136,rice
55,21,25,31.4,71,6.01,111,maize
55,19,35,18.84,80,7.07,240,barley
69,59,13,19.16,59,5.78,220,maize
40,49,11,33.16,54,7.01,300,rice
63,15,56,22.96,94,6.98,206,sugarcane
39,52,44,22.94,82,7.77,110,sugarcane
95,48,58,32.26,61,5.34,137,millets
50,16,12,34.94,72,7.18,292,sugarcane
88,39,25,19.83,61,5.6,198,wheat
30,34,19,20.47,86,7.26,82,barley
94,22,20,23.73,55,5.28,300,wheat
73,51,57,37.06,85,7.45,163,sugarcane
53,56,22,18.33,83,6.14,132,barley
57,39,27,24.52,86,6.25,70,onion
62,34,31,23.88,81,6.18,212,soybean
88,18,19,27.54,80,7.59,111,potato
63,15,32,33.19,70,6.33,257,rice
69,17,57,27.91,76,5.25,168,onion
90,11,19,37.71,88,7.05,133,rice
75,12,32,18.71,94,7.37,251,rice
36,50,36,25.44,57,5.19,138,rice
74,12,56,21.76,59,7.59,196,barley
33,42,17,37.54,82,6.74,54,soybean
69,52,17,33.51,86,7.26,218,onion
77,34,39,18.05,55,6.72,51,soybean
95,34,15,32.38,91,7.23,94,groundnut
62,55,28,26.42,65,6.9,99,wheat
31,26,21,23.34,86,6.59,125,onion
95,42,18,31.8,95,6.26,159,tomato
84,58,40,23.49,87,5.7,161,rice
55,50,31,32.65,88,5.3,207,soybean
61,55,27,36.33,58,6.57,205,cotton
51,60,22,21.19,86,7.23,135,rice
72,28,24,23.34,55,6.38,109,barley
72,38,18,22.79,93,5.86,247,onion
65,38,32,33.28,94,6.32,135,wheat
77,37,24,35.25,64,5.34,208,maize
33,24,12,18.4,80,6.49,104,millets
95,47,20,33.31,94,5.37,234,sugarcane
71,34,20,37.77,81,6.8,175,groundnut
38,28,14,18.33,75,5.21,126,tomato
89,24,56,31.16,50,7.12,210,wheat
79,28,21,37.88,51,5.67,99,millets
30,53,11,22.48,79,6.51,90,wheat
94,49,29,36.44,57,7.26,290,millets
61,34,14,21.45,64,7.8,167,tomato
42,30,21,37.61,55,6.19,209,tomato
78,16,15,34.01,84,5.41,217,tomato
66,30,13,33.64,90,7.6,171,soybean
75,23,36,33.13,69,5.68,299,cotton
48,59,59,36.99,70,6.37,264,cotton
32,25,51,31.72,51,5.29,297,potato
56,20,31,18.08,56,7.74,54,cotton
56,37,51,32.42,52,7.01,129,cotton
61,59,27,28.91,93,6.77,95,barley
50,60,40,26.18,54,6.23,253,rice
89,44,17,37.55,79,5.25,82,maize
92,38,26,31.89,85,6.13,56,cotton
92,59,39,33.01,79,5.62,181,tomato
82,29,21,23.13,72,7.15,222,barley
40,57,36,27.66,83,5.8,87,wheat
52,25,14,27.87,73,5.55,152,rice
60,27,51,31.38,77,5.98,252,tomato
78,27,48,36.19,67,6.34,180,onion
35,52,46,22.84,53,5.11,175,rice
93,14,49,29.3,63,7.43,153,soybean
61,16,34,24.25,74,6.93,90,tomato
35,58,58,25.55,93,5.17,279,wheat
82,44,47,36.3,72,6.09,104,barley
80,45,44,20.3,54,6.17,188,groundnut
37,58,39,18.66,69,5.73,244,soybean
82,18,47,34.31,62,7.23,53,onion
34,21,26,37.03,57,5.67,75,soybean
33,53,37,36.08,63,7.52,117,groundnut
90,57,34,21.78,90,7.64,285,millets
46,12,52,19.17,85,5.39,166,rice
70,42,55,29.07,52,5.39,217,barley
54,57,45,27.34,66,5.19,245,millets
67,35,31,37.1,74,5.22,180,onion
74,39,33,22.26,94,6.76,164,cotton
45,49,27,18.6,62,6.38,65,potato
55,60,44,20.83,56,6.58,236,barley
52,56,22,37.33,75,7.03,135,cotton
32,21,10,33.23,68,6.29,269,potato
31,43,37,35.38,77,5.7,273,tomato
89,14,11,32.55,62,5.16,265,groundnut
61,19,15,35.79,52,5.15,276,millets
62,10,32,36.92,76,6.81,189,rice
59,21,22,20.21,58,6.48,204,cotton
58,14,38,36.99,85,7.15,100,soybean
79,46,39,25.55,85,6.55,259,potato
50,55,33,25.79,77,6.59,193,maize
49,51,59,21.39,88,6.22,232,barley
58,44,25,28.25,89,5.6,143,millets
83,53,56,18.9,92,5.82,247,rice
90,44,46,29.68,50,6.2,217,maize
40,48,41,19.42,83,7.42,58,cotton
75,31,18,25.63,79,5.92,126,maize
91,27,57,25.05,73,7.4,281,maize
32,58,13,33.05,69,5.46,242,wheat
49,28,23,22.88,86,5.72,117,onion
62,27,60,35.81,90,7.72,228,millets
67,20,46,36.2,58,6.2,52,rice
74,44,21,29.79,73,5.17,84,millets
92,14,47,24.66,72,6.9,278,tomato
43,47,51,21.45,90,7.11,100,potato
43,31,19,26.82,63,6.24,114,rice
70,43,18,29.4,77,7.16,270,maize
37,29,17,26.07,53,5.03,75,cotton
95,41,31,30.21,58,5.99,153,cotton
68,46,53,24.54,92,5.52,88,wheat
94,22,58,29.39,54,5.58,184,barley
33,44,38,25.42,76,6.19,292,sugarcane
56,32,59,34.53,56,7.34,250,barley
59,15,39,21.99,62,5.01,159,groundnut
72,10,20,37.22,78,5.35,198,wheat
57,59,34,36.29,75,5.28,185,millets
35,49,18,23.41,74,5.65,276,onion
74,56,19,19.29,87,7.31,179,tomato
39,53,36,28.41,85,5.27,105,millets
37,53,40,30.3,86,6.27,135,rice
52,23,36,18.06,73,6.87,222,barley
79,15,23,32.71,83,5.48,90,sugarcane
73,43,32,27.12,50,6.15,120,potato
75,56,45,34.05,57,5.63,115,sugarcane
46,57,47,28.18,93,5.26,72,onion
95,17,59,20.36,72,5.31,287,soybean
42,22,25,31.79,56,6.21,63,sugarcane
33,46,45,30.36,60,7.29,160,groundnut
76,29,27,27.45,85,5.25,207,onion
30,54,59,26.35,85,5.55,290,rice
59,13,44,29.79,95,6.16,118,sugarcane
51,56,60,30.01,91,6.75,128,tomato
56,34,33,24.84,68,5.92,148,tomato
84,15,41,35.77,81,6.15,124,onion
71,32,50,33.34,57,6.67,292,cotton
49,57,41,30.92,86,7.25,138,maize
57,34,28,19.39,65,6.86,117,groundnut
84,46,24,28.49,71,6.68,296,maize
78,20,47,18.83,66,5.47,209,soybean
90,42,45,25.58,69,5.4,187,millets
46,42,37,28.9,60,7.66,220,wheat
37,38,19,22.4,66,6.81,86,cotton
37,19,20,31.19,79,5.39,173,tomato
42,50,16,29.38,91,6.32,255,barley
85,16,44,22.21,74,7.28,295,maize
43,22,53,34.84,52,5.08,56,groundnut
80,19,35,32.27,80,7.09,96,onion
51,10,44,22.65,86,7.67,90,cotton
32,38,48,20.39,84,7.54,144,rice
87,53,54,19.42,90,6.4,182,cotton
57,12,40,35.16,83,6.53,298,millets
69,45,53,29.54,72,5.13,214,sugarcane
78,57,36,25.52,60,6.15,153,cotton
95,58,53,30.12,87,7.76,251,potato
57,11,16,26.87,64,5.17,261,groundnut
68,53,19,25.13,80,5.77,176,tomato
50,29,47,32.34,68,7.11,122,tomato
65,59,34,30.59,71,7.15,273,rice
39,26,35,19.52,90,6.88,70,wheat
81,47,30,37.16,77,5.48,197,millets
36,26,47,31.26,66,5.9,131,cotton
81,41,47,20.83,69,5.03,210,onion
37,11,13,23.39,79,5.15,231,maize
43,60,36,20.68,63,6.5,273,onion
75,59,38,32.73,58,5.83,226,sugarcane
39,40,21,34.06,55,5.99,156,onion
67,53,38,37.7,86,6.37,53,soybean
89,50,38,19.79,83,6.14,209,sugarcane
62,51,12,29.26,91,7.44,232,cotton
56,46,49,22.55,81,7.3,98,millets
57,21,60,32.29,71,5.4,98,cotton
57,49,28,35.16,72,7.59,87,millets
50,37,47,34.17,68,7.52,229,wheat
56,58,36,34.44,66,5.13,231,maize
44,13,37,32.4,68,5.76,283,wheat
46,13,49,28.44,87,7.45,261,wheat
35,31,36,24.7,65,5.38,69,groundnut
88,19,28,21.1,55,5.62,95,groundnut
84,14,54,21.84,51,7.32,200,soybean
30,56,27,18.39,70,7.78,152,onion
63,44,24,29.35,74,6.9,231,potato
51,49,60,23.39,77,5.71,148,rice
83,38,23,18.49,58,5.45,275,cotton
42,37,49,36.87,51,6.62,265,maize
63,56,12,33.55,79,6.68,137,rice
74,10,49,30.32,80,5.52,225,groundnut
51,46,23,24.98,76,7.01,218,onion
42,22,50,20.25,51,7.15,205,rice
73,46,55,22.47,59,7.04,128,rice
34,36,22,33.47,85,6.19,113,wheat
54,12,32,33.51,51,5.73,86,tomato
73,53,26,36.45,63,5.54,58,potato
64,41,39,33.1,78,6.73,273,potato
74,23,21,36.15,67,6.42,71,potato
61,16,60,21.46,82,7.69,106,potato
32,47,21,27.66,63,6.52,151,sugarcane
76,17,29,35.56,54,7.53,270,soybean
44,28,22,35.02,76,6.94,233,onion
52,33,51,36.68,77,7.23,61,soybean
69,21,23,24.4,52,5.29,238,groundnut
47,48,59,31.46,60,5.58,193,cotton
47,34,26,30.57,91,7.14,217,cotton
60,45,49,29.48,81,6.07,229,soybean
47,21,18,25.85,62,5.97,242,barley
80,46,15,26.98,72,7.49,233,groundnut
77,36,43,22.44,73,6.14,138,cotton
46,40,39,28.05,55,5.94,66,onion
56,28,53,25.21,58,6.84,284,soybean
47,51,39,28.49,92,7.4,262,barley
75,20,15,34.97,86,6.26,86,sugarcane
87,11,28,28.6,70,7.58,100,onion
31,45,10,36.13,74,6.36,189,tomato
56,39,54,25.15,62,5.75,151,maize
82,22,24,18.92,68,7.46,133,millets
92,48,44,26.08,60,6.92,294,barley
37,35,49,18.09,73,5.16,108,millets
50,45,50,33.93,62,6.76,123,rice
62,10,55,26.69,92,5.58,190,onion
56,57,15,19.44,66,5.46,251,sugarcane
42,46,16,27.94,57,6.61,274,tomato
62,13,52,20.64,91,5.44,137,soybean
65,54,16,34.13,77,7.04,273,wheat
48,54,26,20.52,77,5.74,147,onion
91,25,41,28.81,52,6.11,130,maize
92,24,32,19.81,84,6.04,268,groundnut
37,34,54,23.07,67,6.67,178,potato
70,55,48,26.18,73,6.83,214,soybean
46,46,27,34.25,64,6.17,57,cotton
31,38,41,23.1,91,5.99,65,barley
57,48,59,34.31,86,5.68,126,groundnut
52,56,23,33.95,94,5.19,203,potato
93,43,10,33.58,50,7.2,277,wheat
53,44,47,19.94,95,6.92,137,sugarcane
86,51,43,34.2,65,5.21,68,millets
94,14,50,22.69,52,5.24,182,potato
81,59,39,23.75,87,6.18,231,millets
75,17,27,18.63,83,7.64,295,millets
92,16,21,30.14,52,7.54,57,millets
61,50,16,34.28,56,6.16,108,rice
52,30,32,34.02,92,5.59,75,potato
71,23,48,28.95,78,5.6,181,groundnut
77,25,14,21.36,72,5.09,263,onion
95,57,16,20.36,70,6.17,287,millets
72,28,18,24.68,90,6.24,123,wheat
64,50,45,37.11,89,7.31,291,sugarcane
56,58,56,31.03,50,6.26,183,groundnut
55,49,53,26.97,78,5.89,117,soybean
49,14,17,28.53,57,6.47,182,soybean
44,41,44,37.57,80,6.46,54,maize
51,40,21,20.24,69,7.52,80,cotton
92,21,52,31.68,71,5.86,72,rice
48,25,27,28.65,91,6.51,71,onion
41,53,12,19.44,94,7.06,236,sugarcane
62,21,34,34.72,58,5.43,248,cotton
52,29,42,29.94,75,5.88,152,rice
38,56,55,18.98,56,7.74,274,potato
64,15,47,31.47,81,7.4,174,potato
84,49,49,25.78,55,5.82,262,potato
80,38,53,18.94,70,5.29,98,sugarcane
71,55,54,37.63,56,5.4,191,onion
55,50,46,19.87,81,5.36,219,maize
42,53,53,35.69,72,5.24,239,rice
63,40,46,24.7,79,6.58,278,barley
92,51,11,30.7,72,6.85,62,onion
59,39,32,37.63,85,7.35,98,potato
55,48,39,34.79,70,6.59,262,rice
37,40,50,26.17,74,7.17,185,millets
92,59,25,19.46,77,5.49,297,soybean
72,15,60,21.61,74,5.31,264,maize
88,11,24,32.1,89,5.39,98,tomato
30,12,55,18.31,51,6.08,194,potato
82,59,50,26.29,84,5.69,223,wheat
64,51,30,33.91,72,6.75,288,millets
77,44,43,32.38,94,5.62,222,tomato
64,33,58,19.65,87,5.68,182,potato
58,49,10,33.47,92,5.4,176,onion
74,12,33,18.13,58,6.84,263,rice
66,12,55,33.81,82,5.78,230,soybean
60,21,49,35.48,67,6.75,139,millets
69,55,24,31.21,51,6.12,206,onion
42,55,53,29.88,53,6.77,125,sugarcane
63,13,31,24.27,86,6.94,135,cotton
53,46,50,30.42,67,5.2,91,potato
54,43,10,31.22,92,7.78,238,sugarcane
86,23,29,34.49,50,5.2,161,cotton
66,57,19,22.82,72,6.13,172,sugarcane
46,29,17,26.2,71,6.82,197,barley
51,38,46,30.35,58,7.64,122,soybean
49,50,41,24.09,92,5.76,70,millets
93,26,28,19.17,73,5.28,219,barley
72,21,47,32.71,51,6.27,159,maize
42,24,23,35.41,62,7.57,94,barley
47,30,21,20.28,71,6.8,122,cotton
54,45,33,32.79,79,6.44,299,millets
31,30,53,31.33,66,5.96,231,groundnut
62,27,51,26.81,70,6.59,181,potato
88,55,31,23.85,55,6.42,103,potato
57,47,28,22.71,89,5.21,257,rice
37,32,49,21.69,63,7.14,93,barley
94,37,52,32.89,67,6.69,257,wheat
74,36,47,33.1,75,7.27,50,maize
92,58,59,26.14,52,5.65,245,wheat
64,17,46,27.77,53,5.75,288,maize
64,56,35,24.83,69,7.75,298,tomato
48,24,35,36.12,53,5.32,300,millets
58,36,50,34.42,79,6.26,82,sugarcane
68,21,15,18.27,53,5.01,196,cotton
92,52,50,23.49,61,5.2,63,soybean
32,40,18,33.6,54,5.86,147,maize
91,24,41,18.03,81,6.21,295,potato
51,13,14,35.75,55,5.95,296,potato
44,54,10,21.51,93,7.4,226,groundnut
57,42,26,24.69,87,5.21,179,cotton
87,31,58,27.09,89,7.73,241,onion
62,47,27,18.51,73,7.02,69,maize
33,11,15,32.0,76,5.66,255,potato
73,38,11,35.69,91,7.33,91,tomato
91,52,17,33.37,70,5.97,257,groundnut
88,60,47,21.19,61,7.58,218,soybean
49,41,36,23.31,72,6.09,162,potato
56,51,54,20.44,87,7.65,137,maize
32,30,43,37.96,86,6.57,300,rice
71,17,57,27.5,77,6.46,254,soybean
75,13,39,30.99,76,7.79,218,wheat
39,22,47,21.73,60,7.04,50,millets
66,58,43,30.29,74,5.4,145,cotton
86,27,56,31.87,76,6.56,105,wheat
54,40,30,21.32,80,5.59,255,sugarcane
41,42,11,24.0,69,7.67,298,rice
63,59,28,35.89,89,7.72,266,potato
63,43,39,34.21,58,6.4,204,groundnut
86,58,43,29.0,72,7.19,223,sugarcane
79,21,16,22.02,88,7.52,296,tomato
95,37,22,25.45,54,7.21,236,rice
51,15,51,31.34,93,6.07,297,barley
47,42,11,31.44,55,5.76,81,tomato
89,12,40,20.25,82,5.01,55,soybean
60,12,49,23.28,91,7.61,67,potato
30,36,27,31.26,87,6.12,238,millets
64,11,35,23.0,68,5.5,191,millets
86,46,36,22.86,53,5.14,249,sugarcane
47,28,53,23.12,55,7.32,183,cotton
36,30,45,30.86,87,7.45,264,sugarcane
83,28,33,23.96,79,6.16,232,potato
44,21,24,35.6,51,5.95,66,wheat
60,14,20,26.96,55,6.36,110,potato
59,58,21,23.3,55,7.54,67,potato
53,50,54,19.69,84,6.55,127,millets
33,57,38,32.69,94,7.24,58,soybean
59,31,54,27.52,55,5.3,83,groundnut
33,45,27,22.02,89,6.57,57,cotton
88,51,43,20.66,63,6.03,278,maize
46,22,10,18.53,55,5.03,253,onion
30,32,18,29.51,72,6.41,188,maize
40,24,20,29.37,71,5.3,241,barley
95,15,34,32.79,68,7.34,235,wheat
75,42,19,35.69,92,6.25,205,maize
58,38,42,33.62,95,5.78,263,soybean
80,54,58,29.72,89,5.87,77,cotton
55,58,33,26.75,83,5.11,68,sugarcane
62,21,21,29.15,76,6.92,167,maize
88,27,37,30.59,53,6.88,54,maize
41,23,41,23.99,73,7.63,95,maize
31,30,47,23.47,58,5.42,105,soybean
54,51,10,30.01,92,5.9,206,tomato
42,15,32,21.68,57,7.09,54,maize
36,23,42,19.94,74,7.6,100,tomato
34,59,52,35.02,79,7.02,89,barley
95,13,32,37.23,88,7.14,53,cotton
79,29,30,28.66,54,6.29,244,wheat
39,60,39,28.95,62,7.11,83,maize
40,27,27,22.46,75,5.55,182,rice
82,23,50,28.25,76,6.93,89,millets
94,57,32,20.81,72,5.92,112,rice
33,31,35,18.92,93,6.12,277,tomato
77,55,49,35.33,78,6.03,262,barley
94,58,12,18.76,86,5.39,212,potato
33,47,26,37.56,50,7.52,205,tomato
78,51,20,19.28,52,5.04,238,maize
35,35,20,30.21,64,5.89,143,wheat
41,51,27,28.85,78,6.27,168,cotton
90,19,21,30.25,70,6.88,224,wheat
66,37,50,23.29,71,6.14,242,cotton
89,46,12,33.66,65,6.46,99,barley
30,36,27,32.12,53,6.16,293,barley
81,37,39,26.54,83,6.43,223,potato
93,44,59,25.11,50,6.31,253,rice
74,52,42,29.09,80,7.03,205,wheat
90,13,49,32.2,62,5.54,106,rice
55,48,15,22.15,93,7.23,189,barley
79,23,31,28.34,70,6.54,56,soybean
33,38,48,21.5,63,5.82,163,cotton
87,33,53,27.86,76,7.28,240,potato
78,48,52,34.65,63,6.52,226,millets
46,50,16,36.18,69,6.91,166,potato
85,37,57,30.74,54,6.27,134,maize
50,45,19,32.58,87,6.4,127,maize
45,57,42,24.01,55,7.76,291,barley
68,20,60,28.39,85,7.36,292,rice
49,45,45,32.64,62,7.52,97,wheat
33,60,12,21.91,73,5.78,133,groundnut
60,46,12,29.28,80,7.43,191,sugarcane
91,47,55,33.81,50,7.18,210,rice
59,20,20,21.13,68,5.65,242,tomato
62,30,19,25.71,70,5.97,288,maize
40,43,56,28.9,73,5.12,125,sugarcane
65,25,59,25.68,87,5.66,227,groundnut
53,36,12,19.92,58,5.4,300,millets
48,21,41,30.85,79,5.15,92,wheat
50,47,43,21.58,63,6.71,121,sugarcane
38,11,46,33.27,68,5.24,247,maize
73,17,21,22.31,81,6.15,141,onion
72,24,18,23.26,57,7.16,182,maize
65,41,35,25.38,54,7.55,175,millets
50,28,45,19.21,61,6.96,96,barley
40,16,35,28.33,65,6.14,217,potato
56,55,31,35.93,65,6.66,274,rice
58,42,19,19.81,73,5.45,296,wheat
31,23,58,30.51,78,5.13,61,cotton
58,26,24,35.56,57,6.16,174,rice
68,41,53,37.74,71,6.8,180,groundnut
55,56,14,26.44,66,5.6,296,barley
82,38,53,35.07,93,5.85,171,soybean
37,23,50,20.15,65,7.46,243,barley
82,28,37,27.13,53,6.87,119,millets
59,30,30,29.28,64,7.62,201,groundnut
79,53,40,33.87,51,6.84,280,onion
60,40,28,35.29,57,7.65,182,cotton
59,51,55,37.2,64,7.18,210,potato
85,41,28,23.27,78,7.32,137,maize
37,34,16,21.43,56,5.6,248,onion
83,26,10,31.96,79,6.33,269,cotton
68,39,30,25.39,95,7.7,299,tomato
92,22,46,31.77,88,6.89,105,maize
31,41,23,18.34,78,7.09,59,wheat
44,16,40,34.66,71,7.59,78,cotton
82,34,20,23.61,74,7.12,277,onion
31,44,30,21.6,90,5.16,260,millets
54,32,38,19.18,82,5.66,265,groundnut
47,33,57,33.29,78,5.42,287,cotton
57,46,53,28.45,79,6.99,249,soybean
56,30,56,28.0,52,7.5,143,wheat
82,43,24,24.58,88,6.8,156,onion
39,19,24,33.15,66,6.08,143,barley
70,28,11,23.73,68,7.54,238,cotton
55,15,13,20.75,88,6.98,190,onion
82,32,50,19.97,62,5.45,186,soybean
75,28,52,23.88,66,5.16,190,cotton
38,13,46,34.37,82,5.92,191,groundnut
59,20,20,28.5,59,5.56,68,wheat
73,39,41,30.63,95,7.21,83,rice
58,27,42,33.1,58,5.34,99,onion
41,41,33,28.82,53,5.17,186,sugarcane
54,49,60,27.4,55,6.76,184,sugarcane
78,40,38,27.16,64,6.69,193,rice
82,38,53,31.34,64,7.49,123,soybean
90,60,22,20.75,60,6.04,259,groundnut
55,10,13,28.88,63,7.23,216,millets
68,60,55,19.52,90,6.34,155,soybean
43,30,36,36.87,74,5.01,225,millets
47,57,58,27.8,82,5.95,214,millets
31,47,56,29.35,52,6.54,212,sugarcane
80,20,56,19.89,54,6.46,86,maize
30,25,49,20.02,66,7.23,121,tomato
40,60,26,20.44,82,5.92,126,wheat
50,44,21,37.94,94,7.57,173,tomato
73,31,53,21.16,85,5.52,116,millets
47,58,50,32.96,63,6.89,89,groundnut
73,24,59,35.93,89,6.2,73,barley
38,40,21,30.47,59,6.45,143,maize
45,54,57,26.34,50,7.28,131,potato
35,32,24,27.45,75,6.44,77,sugarcane
59,49,20,30.22,78,7.74,183,cotton
53,13,27,23.37,86,7.64,211,cotton
47,11,28,29.81,83,5.63,101,millets
88,38,46,25.49,52,5.29,237,barley
92,54,37,36.13,59,7.69,276,cotton
77,60,45,26.22,72,7.29,138,cotton
44,13,12,32.4,68,7.05,270,cotton
52,50,56,21.87,54,7.33,77,potato
77,35,49,19.13,73,6.55,213,groundnut
43,53,56,18.7,55,6.18,215,millets
94,24,54,21.73,87,6.47,180,rice
53,29,33,30.84,95,6.44,252,onion
78,17,45,23.68,70,7.44,176,groundnut
82,51,49,27.42,95,5.15,202,millets
49,40,35,29.98,50,7.17,273,cotton
65,35,42,25.05,65,7.3,128,cotton
50,50,55,21.73,54,6.86,138,sugarcane
49,22,30,26.83,88,6.22,199,onion
60,34,20,27.23,51,5.13,131,soybean
35,48,58,23.97,69,5.54,246,soybean
48,21,43,28.02,65,7.3,149,barley
89,23,12,34.19,88,5.7,246,onion
84,30,55,29.8,79,5.67,176,onion
71,42,56,27.83,62,7.23,74,barley
45,43,44,34.42,74,5.18,70,potato
62,52,49,20.22,66,6.56,252,sugarcane
69,15,15,22.86,86,7.06,99,maize
88,49,18,26.08,80,5.59,181,rice
57,24,18,26.7,60,7.67,71,soybean
45,40,57,34.38,52,6.15,175,onion
55,48,47,35.49,74,6.2,223,maize
61,13,15,28.13,75,5.46,94,potato
44,11,11,22.58,51,7.0,152,barley
54,14,45,23.59,79,5.29,59,cotton
41,55,47,22.87,85,5.28,241,rice
94,45,30,21.07,88,6.93,230,cotton
82,50,20,37.46,54,7.07,95,cotton
71,47,60,26.17,92,6.0,134,sugarcane
63,39,13,23.79,85,6.38,54,millets
86,21,59,18.9,55,6.17,229,millets
30,34,23,31.57,65,7.8,53,wheat
82,15,60,34.12,68,6.63,214,potato
85,11,20,20.69,90,6.86,204,potato
63,34,18,24.19,68,5.74,79,barley
61,31,16,23.87,85,7.43,242,barley
48,17,25,22.7,70,6.43,285,groundnut
34,10,20,36.99,52,6.02,255,wheat
81,15,16,37.63,51,7.66,88,soybean
69,13,20,27.2,73,6.5,124,rice
67,41,44,30.07,55,7.14,196,maize
88,18,26,21.44,82,6.83,171,rice
85,44,17,28.44,66,7.12,141,tomato
92,32,22,34.59,93,5.45,107,soybean
79,49,51,33.04,53,5.7,269,cotton
80,56,35,20.0,83,6.26,127,groundnut
43,35,55,28.67,77,6.06,121,tomato
80,12,17,26.51,92,7.58,222,millets
83,60,32,27.81,94,5.4,147,soybean
81,50,60,27.79,81,6.05,152,wheat
89,43,29,24.99,52,5.11,202,soybean
66,42,20,24.36,86,5.33,148,wheat
70,39,46,23.2,73,6.98,257,rice
83,28,36,33.96,87,5.65,259,wheat
77,13,26,19.18,89,7.21,234,wheat
75,34,42,33.93,95,7.63,117,rice
51,45,30,28.02,62,7.22,104,rice
83,45,59,24.98,77,5.93,83,maize
41,36,50,32.48,58,7.04,249,barley
70,35,57,25.78,67,7.08,284,rice
55,28,44,32.54,76,7.74,209,potato
66,24,48,18.23,95,6.82,122,maize
51,14,30,23.02,66,7.67,206,potato
42,41,12,25.06,57,6.49,112,onion
87,11,31,25.46,95,5.59,177,sugarcane
62,34,13,32.6,61,5.68,158,soybean
55,19,56,21.38,65,5.88,115,cotton
61,42,26,37.51,68,7.52,234,tomato
49,31,15,31.51,79,6.28,176,potato
90,25,14,37.76,91,7.06,68,sugarcane
64,31,31,18.75,52,5.18,143,cotton
93,17,56,32.3,58,7.3,69,tomato
87,21,39,22.48,54,5.01,50,sugarcane
48,23,30,26.06,50,5.6,196,cotton
90,39,44,36.94,55,6.64,268,cotton
56,47,32,30.24,50,5.91,252,sugarcane
68,20,55,29.96,75,6.93,290,wheat
59,60,57,28.98,93,5.26,123,soybean
53,20,18,23.18,87,5.97,263,onion
41,54,59,26.27,89,6.96,203,barley
70,26,14,23.19,74,7.02,154,sugarcane
77,11,45,35.87,63,7.1,97,rice
59,41,53,19.3,65,7.52,144,groundnut
69,55,57,37.08,67,5.98,246,onion
44,13,41,22.89,67,5.83,240,millets
31,23,46,36.37,88,7.01,288,rice
47,43,14,27.07,86,5.4,125,cotton
41,18,36,24.48,85,7.49,285,cotton
85,22,22,36.5,90,5.02,118,maize
63,11,57,33.28,78,7.43,53,cotton
39,50,12,26.99,89,6.68,185,onion
80,33,38,30.47,93,6.44,97,wheat
83,28,54,21.53,56,5.25,148,onion
34,57,39,23.64,77,6.43,100,groundnut
36,46,41,25.96,91,5.88,242,soybean
53,21,39,31.63,78,6.92,275,millets
54,28,39,37.33,93,5.76,186,wheat
51,26,35,37.74,57,6.37,170,potato
32,39,55,33.02,92,6.04,164,wheat
77,23,37,37.14,80,7.79,65,barley
69,23,21,36.4,73,6.38,118,wheat
40,56,33,20.12,78,5.6,167,soybean
70,47,55,18.58,61,5.39,190,cotton
54,46,39,26.91,63,7.13,100,tomato
41,25,26,21.74,81,6.91,56,cotton
54,27,31,20.13,81,5.07,119,groundnut
63,20,20,22.78,56,7.59,61,groundnut
83,30,22,30.02,83,5.25,111,sugarcane
67,35,12,35.49,70,6.65,244,onion
48,31,15,30.19,67,5.22,294,tomato
72,19,58,19.16,88,5.64,100,tomato
35,40,15,37.25,85,6.45,189,millets
84,15,41,26.05,63,7.24,202,potato
65,60,22,20.56,67,5.69,272,wheat
74,25,28,20.22,54,7.37,151,cotton
66,30,53,30.25,88,7.22,96,cotton
57,45,10,19.51,50,6.45,90,barley
35,13,60,36.56,64,6.89,237,sugarcane
39,46,10,36.11,60,6.27,129,onion
63,53,53,32.96,86,6.54,65,groundnut
46,33,28,31.99,61,6.43,168,groundnut
86,13,32,19.72,64,6.49,252,tomato
34,51,26,23.3,69,7.65,94,groundnut
32,60,51,20.21,56,5.09,245,onion
55,19,54,25.07,51,6.65,284,onion
84,27,32,34.89,81,5.15,235,potato
49,52,52,19.48,74,7.25,193,onion
50,57,15,31.07,74,6.26,200,wheat
83,24,30,29.67,89,6.75,79,onion
56,54,20,26.87,57,7.5,149,groundnut
64,54,25,30.59,74,7.47,172,barley
67,46,59,30.31,76,6.19,151,rice
44,42,57,24.73,53,5.07,231,wheat
90,15,27,23.84,80,7.48,158,soybean
33,11,49,20.37,71,7.46,113,tomato
70,40,13,36.35,70,7.45,121,groundnut
88,43,10,22.88,81,7.37,238,maize
67,33,43,25.31,58,6.67,127,millets
53,32,53,22.41,50,6.74,117,potato
48,22,16,37.7,50,7.73,120,cotton
65,55,10,29.08,76,6.97,218,potato
40,43,60,37.09,74,6.08,266,groundnut
43,20,21,28.0,94,6.54,159,millets
75,24,23,29.3,80,7.36,190,groundnut
83,17,28,26.19,86,6.72,113,millets
59,60,22,21.56,74,6.08,130,sugarcane
62,59,16,24.52,91,5.27,54,onion
60,21,41,37.47,81,7.76,286,millets
74,50,25,35.04,84,7.31,181,cotton
45,26,49,36.12,85,6.32,296,soybean
91,10,27,36.71,92,6.81,295,barley
58,23,44,30.46,68,6.54,56,barley
49,14,54,27.18,65,5.17,206,millets
91,41,24,33.45,80,7.25,245,tomato
60,26,47,29.17,73,7.03,219,wheat
89,33,30,28.21,89,5.35,167,soybean
46,42,59,36.52,89,6.14,105,wheat
40,10,58,36.47,72,5.25,104,millets
56,36,32,30.19,80,7.78,159,potato
60,28,45,29.1,51,5.29,122,rice
51,47,25,25.0,87,5.44,54,potato
59,51,38,31.27,79,6.93,141,cotton
70,30,45,27.16,92,5.89,103,soybean
75,11,10,28.61,62,7.14,276,potato
35,33,17,24.62,52,5.21,93,onion
76,53,21,24.22,83,7.25,146,barley
64,56,34,34.67,77,5.95,127,onion
37,36,24,33.08,79,6.81,299,millets
61,27,38,27.56,76,7.63,156,sugarcane
76,18,34,31.36,61,7.09,203,soybean
32,48,31,24.31,68,5.88,182,soybean
69,39,55,31.89,91,5.45,51,tomato
93,43,42,27.04,62,5.2,223,wheat
53,47,25,29.97,57,7.53,96,rice
60,16,51,35.87,93,7.18,218,rice
95,18,51,26.6,89,5.67,163,soybean
94,17,26,27.8,61,6.3,155,cotton
37,36,50,21.64,92,6.93,93,rice
87,37,31,19.12,60,7.51,150,millets
69,10,42,23.79,61,6.32,112,onion
42,11,17,37.55,83,7.59,61,onion
59,19,23,34.07,86,6.81,250,rice
52,57,10,24.7,52,5.83,226,sugarcane
54,46,19,20.28,76,7.24,295,potato
33,58,21,27.21,92,6.6,91,soybean
78,50,23,30.23,74,6.46,144,tomato
49,22,18,19.72,58,5.2,103,sugarcane
66,23,48,18.54,89,7.74,112,tomato
43,36,44,31.64,55,6.29,225,potato
43,15,42,20.91,73,5.33,100,millets
94,48,12,31.64,71,5.29,194,potato
79,33,17,23.62,71,5.2,144,barley
85,53,25,29.06,82,5.58,284,tomato
42,11,34,20.3,65,5.54,84,onion
50,51,40,30.97,61,5.85,61,cotton
52,17,42,31.82,74,5.76,267,onion
59,10,56,34.8,94,6.25,243,cotton
80,31,10,26.11,92,6.98,189,maize
51,19,49,22.05,86,7.18,291,onion
88,45,44,23.55,62,5.18,75,potato
58,14,35,33.02,73,5.77,74,onion
58,44,48,35.61,54,7.44,83,cotton
68,24,47,29.31,80,7.12,179,cotton
45,27,29,28.42,80,6.41,99,tomato
70,51,26,27.8,61,6.54,201,sugarcane
55,35,30,29.78,70,5.82,84,barley
32,43,37,34.99,62,7.28,87,onion
92,51,31,31.7,59,5.08,129,cotton
74,60,43,19.26,68,6.4,268,barley
59,21,23,32.73,53,7.76,235,sugarcane
61,36,59,23.85,59,7.48,76,potato
37,52,52,27.23,71,7.67,87,rice
64,36,21,26.98,72,5.21,154,potato
39,41,24,31.49,75,7.04,84,soybean
49,16,33,22.56,74,6.11,156,wheat
47,22,56,23.55,67,7.12,55,barley
47,35,35,34.02,94,7.16,194,rice
66,24,16,19.94,94,7.15,218,sugarcane
50,10,29,25.57,67,7.19,280,sugarcane
71,53,32,31.91,66,5.27,274,tomato
76,56,56,34.1,81,5.56,179,sugarcane
69,14,25,34.39,80,6.3,168,rice
56,58,26,32.93,64,7.39,187,soybean
42,23,15,23.07,91,5.6,128,cotton
70,33,46,22.04,92,7.46,180,barley
82,23,19,28.71,83,7.4,246,millets
91,20,19,22.34,70,5.15,273,millets
77,52,32,20.7,89,6.43,299,groundnut
59,47,34,25.63,83,7.28,112,sugarcane
86,38,56,22.0,85,6.26,67,rice
46,24,44,25.8,51,5.94,199,sugarcane
74,12,30,33.09,84,6.83,112,millets
55,48,47,29.96,93,6.78,265,sugarcane
31,50,54,33.7,61,6.37,296,groundnut
33,10,39,36.68,51,6.07,180,cotton
59,28,29,30.78,66,5.92,82,wheat
40,17,38,19.14,82,6.31,267,wheat
87,51,20,36.14,63,7.6,131,groundnut
30,28,43,32.12,76,7.51,277,onion
82,12,38,28.41,95,5.61,116,sugarcane
73,18,49,34.5,53,6.8,65,barley
39,49,20,34.3,62,6.62,101,sugarcane
90,23,45,28.51,73,7.38,163,soybean
31,39,20,23.07,56,7.16,300,barley
83,37,55,34.9,75,5.9,66,rice
87,14,50,20.17,86,5.58,107,cotton
71,35,39,28.7,77,5.79,55,millets
70,44,54,23.7,79,5.77,295,millets
88,50,42,32.18,67,5.11,159,potato
57,45,41,28.96,86,6.13,174,sugarcane
75,56,51,18.02,95,7.17,194,rice
90,23,33,28.53,65,5.73,218,wheat
94,37,43,23.59,75,6.49,147,groundnut
40,17,33,23.12,76,5.52,114,potato
30,46,37,27.42,54,7.02,273,groundnut
80,24,21,24.48,76,5.57,258,maize
33,51,47,23.97,50,7.66,135,potato
32,29,21,26.63,77,6.34,264,wheat
37,41,37,29.45,52,6.7,182,millets
51,23,45,25.54,55,5.93,108,soybean
34,24,39,37.95,89,5.35,251,groundnut
51,37,47,25.87,81,7.39,268,potato
43,47,29,18.03,54,6.16,243,barley
67,38,40,33.38,57,7.58,54,maize
48,54,12,27.03,94,6.27,139,tomato
56,26,52,26.72,51,5.84,264,millets
80,23,30,37.6,72,7.0,152,tomato
47,10,14,33.21,59,6.8,171,rice
53,17,50,30.69,66,7.36,168,rice
77,29,19,31.39,95,7.76,276,onion
51,55,19,33.55,85,5.83,196,potato
74,60,25,26.67,90,7.4,226,barley
48,11,28,28.97,66,6.07,81,maize
63,18,36,36.85,93,5.06,248,tomato
84,32,53,37.92,52,6.55,151,potato
64,21,54,34.54,69,5.98,83,millets
34,16,35,34.94,93,6.38,125,wheat
33,18,16,33.63,59,6.21,291,barley
35,25,57,33.96,78,5.29,271,sugarcane
81,53,40,26.02,64,7.05,153,potato
46,20,29,32.33,86,6.25,100,cotton
48,15,12,28.54,83,5.07,86,tomato
83,57,13,33.61,94,5.42,131,potato
55,48,21,20.82,84,5.75,180,cotton
56,55,48,36.18,80,7.27,181,wheat
62,59,26,21.85,55,7.16,189,rice
33,20,40,24.11,56,6.3,283,barley
91,33,34,32.46,82,6.54,110,cotton
55,55,35,24.92,93,7.46,98,potato
43,29,29,20.61,62,7.29,106,sugarcane
48,18,59,20.38,51,7.57,269,onion
39,30,30,26.08,94,7.05,196,sugarcane
49,32,15,32.0,50,7.49,243,millets
48,38,43,35.16,86,5.31,138,barley
46,38,18,26.74,77,5.74,275,tomato
93,45,46,36.11,69,5.61,217,tomato
87,35,53,25.27,73,6.58,89,cotton
57,52,20,24.2,91,5.19,178,rice
77,18,50,24.26,79,7.16,245,maize
57,27,21,20.32,73,6.73,149,rice
87,14,31,34.44,81,6.39,219,cotton
40,24,27,33.01,82,5.54,261,groundnut
41,50,48,25.18,56,7.49,250,wheat
57,21,12,35.88,68,6.15,269,barley
67,18,22,24.72,71,6.75,224,rice
48,14,27,34.36,66,6.75,89,maize
89,25,19,18.99,81,5.02,91,rice
62,20,15,22.87,53,5.31,121,cotton
73,16,21,27.94,88,6.51,108,sugarcane
60,57,56,35.46,68,5.17,196,onion
76,39,55,22.25,69,7.62,230,wheat
46,51,40,32.83,63,6.46,128,cotton
67,29,27,37.78,52,5.76,109,rice
46,60,52,26.26,57,5.57,140,soybean
67,56,24,34.17,78,7.5,179,groundnut
91,10,26,21.44,77,5.66,148,maize
37,58,51,37.7,93,6.36,149,onion
77,35,11,28.8,61,5.61,172,onion
60,17,13,22.63,88,6.04,112,wheat
71,36,29,37.54,75,7.7,152,barley
59,38,26,29.29,87,6.71,187,millets
62,34,39,36.47,94,5.99,211,onion
72,35,24,37.93,70,5.94,193,tomato
92,42,16,31.4,87,6.69,102,rice
80,43,55,18.88,65,5.52,116,wheat
77,56,30,24.65,72,6.2,67,maize
40,59,33,18.01,76,7.65,100,cotton
63,45,42,37.36,73,6.9,232,potato
51,15,30,27.18,74,5.45,53,soybean
83,35,22,36.44,63,7.72,192,rice
73,37,22,27.35,93,6.68,152,barley
76,55,59,31.64,79,6.47,126,sugarcane
92,11,30,27.04,63,5.77,152,groundnut
35,12,34,35.88,78,7.62,145,groundnut
94,10,35,21.75,74,7.78,158,rice
60,25,58,26.56,59,6.71,291,groundnut
82,45,53,27.5,78,7.71,251,groundnut
53,15,56,22.36,78,7.61,216,cotton
81,57,53,25.13,80,7.72,117,onion
95,34,37,28.42,86,5.9,130,barley
55,42,49,23.92,86,5.97,171,rice
77,28,29,20.47,71,7.55,109,onion
69,21,23,24.67,95,6.16,276,barley
66,43,59,18.22,81,5.44,85,millets
91,27,23,30.35,93,6.19,154,onion
47,33,42,36.25,60,5.79,165,soybean
92,23,18,22.4,68,7.28,55,maize
61,59,13,23.51,87,5.99,216,soybean
93,16,20,18.81,52,6.28,260,potato
63,55,52,23.2,77,5.56,233,millets
40,56,39,27.65,79,7.74,84,cotton
48,10,45,19.12,90,5.43,117,barley
90,18,53,21.97,80,5.83,200,onion
76,58,47,21.05,71,5.0,101,groundnut
38,33,57,36.45,70,5.7,193,cotton
54,43,12,23.08,51,5.16,202,maize
69,41,14,36.6,83,6.69,294,potato
59,19,15,33.29,51,5.88,77,onion
72,23,18,18.28,70,7.58,150,tomato
89,21,46,31.59,64,6.48,73,tomato
50,59,42,21.98,63,7.18,176,wheat
47,35,36,31.89,81,5.43,89,wheat
93,36,47,31.89,89,7.51,284,potato
50,53,55,22.41,59,5.14,298,cotton
94,59,59,20.19,67,6.83,258,wheat
89,57,24,23.86,72,6.22,189,maize
93,12,28,18.18,74,5.25,247,potato
89,43,36,20.49,81,7.23,80,cotton
79,19,41,35.19,93,6.1,297,sugarcane
83,38,17,22.56,62,6.67,114,barley
51,18,54,25.34,62,5.69,236,sugarcane
34,52,28,36.25,73,5.35,261,onion
46,38,30,36.28,87,7.47,111,cotton
70,15,28,30.9,76,5.05,187,sugarcane
49,47,52,36.16,74,7.68,181,tomato
57,36,52,27.11,68,5.18,275,maize
40,21,31,32.36,56,7.8,281,barley
40,26,40,34.02,54,7.57,103,wheat
47,44,16,26.42,94,5.35,150,millets
57,60,44,19.46,55,7.59,106,millets
66,22,15,26.08,89,6.35,276,groundnut
48,34,12,23.58,88,5.96,231,tomato
66,57,49,21.92,54,5.17,64,rice
35,57,45,26.32,69,7.57,80,maize
36,23,13,35.17,82,5.08,178,tomato
86,11,58,29.06,53,7.21,288,onion
56,35,54,31.9,91,6.26,275,potato
88,34,22,33.44,76,7.63,126,onion
67,12,34,36.49,78,6.04,132,soybean
89,32,44,31.94,57,7.77,119,rice
76,52,54,32.15,52,7.61,276,rice
39,44,43,33.63,86,6.36,59,wheat
66,51,56,30.57,77,5.67,76,groundnut
92,24,29,35.91,74,5.33,144,cotton
92,19,39,25.42,81,5.89,81,soybean
64,19,57,25.22,89,5.16,142,groundnut
78,56,41,29.14,95,7.54,208,potato
62,12,13,35.43,92,7.4,122,maize
76,46,33,26.77,80,6.14,241,potato
46,48,50,24.52,72,7.14,261,tomato
66,23,41,35.69,76,6.61,214,cotton
74,37,55,32.86,94,6.48,132,potato
61,38,52,33.64,62,5.48,240,rice
49,58,36,34.8,69,5.52,216,sugarcane
95,38,33,34.8,94,5.86,160,millets
72,59,34,31.73,61,6.18,104,millets
37,10,28,26.54,51,5.34,222,onion
50,21,19,28.39,53,7.39,96,potato
36,50,16,23.59,88,5.64,198,cotton
80,12,24,24.66,86,7.55,151,sugarcane
47,60,12,36.61,59,5.79,83,rice
58,26,10,25.25,90,5.65,205,soybean
60,38,41,36.57,80,6.1,186,millets
46,49,31,35.05,87,6.86,265,groundnut
85,31,51,25.86,80,7.21,279,cotton
47,17,22,22.27,64,6.69,293,soybean
46,34,60,35.3,81,7.6,93,tomato
55,43,13,23.81,72,5.83,167,millets
94,47,25,21.45,74,6.39,124,potato
85,58,12,18.51,90,6.45,297,millets
68,30,38,20.31,68,6.48,223,tomato
51,38,32,24.46,50,5.62,66,potato
92,10,50,31.85,65,5.24,167,sugarcane
66,34,52,24.28,94,7.24,148,onion
64,51,49,20.11,62,6.49,253,wheat
82,34,48,20.27,65,7.1,176,groundnut
78,20,20,19.81,87,6.26,169,sugarcane
66,21,13,33.35,64,6.13,166,sugarcane
49,33,39,19.56,78,6.47,168,sugarcane
51,37,33,24.59,75,6.2,213,rice
79,27,42,25.95,91,5.7,153,barley
32,31,42,21.89,82,6.69,224,potato
70,40,34,26.06,82,5.28,245,barley
42,59,17,37.29,95,6.26,162,rice
81,50,19,20.07,53,6.45,202,millets
39,13,58,27.86,59,5.69,265,wheat
38,22,34,28.54,54,6.9,146,rice
90,38,57,28.77,79,5.07,200,groundnut
64,18,31,18.44,71,6.66,68,barley
44,10,37,29.4,61,5.77,208,sugarcane
54,13,11,27.92,76,5.23,55,rice
52,20,59,31.59,58,7.04,119,barley
84,26,15,20.7,66,6.53,110,maize
35,12,48,25.06,94,6.17,162,wheat
92,11,56,27.81,89,7.7,254,rice
70,34,56,28.54,85,7.39,199,onion
62,56,25,26.52,53,7.8,281,wheat
93,47,17,25.44,91,6.54,157,cotton
58,59,43,28.95,78,7.75,78,sugarcane
31,27,44,35.51,52,7.53,66,barley
93,31,29,32.33,84,7.42,154,wheat
45,17,37,30.51,82,6.19,122,wheat
82,29,21,29.81,88,6.38,267,maize
64,35,60,28.64,61,6.06,100,groundnut
41,15,57,25.29,72,5.92,240,millets
75,60,15,21.91,87,5.88,180,barley
55,60,20,19.76,60,7.2,165,tomato
31,11,22,36.46,84,6.89,124,barley
88,41,19,35.25,53,7.46,134,rice
50,57,10,30.46,52,7.25,257,millets
77,60,25,29.85,95,6.45,296,rice
56,14,36,35.69,95,6.13,92,barley
30,49,19,25.91,83,7.61,257,rice
79,55,32,30.11,52,7.1,114,soybean
69,17,39,19.91,63,5.09,285,potato
52,42,15,37.84,64,5.69,264,millets
40,22,17,27.27,93,5.29,98,millets
57,53,30,27.28,83,6.38,245,sugarcane
52,27,32,18.29,87,6.84,228,barley
88,16,16,18.77,55,6.81,134,groundnut
88,40,20,22.22,65,6.58,117,sugarcane
74,26,26,26.85,95,6.74,236,barley
36,30,36,22.02,75,6.37,179,sugarcane
32,48,26,28.32,56,6.11,237,maize
88,57,46,21.69,86,6.68,134,rice
56,37,57,35.32,85,6.4,134,barley
42,58,43,25.15,74,7.54,248,rice
37,12,25,30.68,54,7.04,105,sugarcane
83,37,40,32.9,64,6.87,191,rice
78,41,30,32.12,81,7.3,217,potato
54,25,56,35.92,74,5.65,270,maize
51,32,11,22.63,58,6.57,165,wheat
51,25,33,33.21,51,6.28,147,potato
36,54,25,37.87,64,7.39,97,wheat
51,39,23,29.06,80,5.55,233,soybean
56,31,45,29.88,68,5.1,290,soybean
87,19,40,30.65,74,5.23,101,potato
73,25,52,20.77,51,5.44,247,tomato
72,26,57,22.39,79,5.85,277,cotton
89,59,56,21.8,65,6.27,254,millets
40,21,40,33.76,88,6.82,87,groundnut
78,17,36,36.78,83,5.09,193,rice
51,40,39,25.58,65,7.5,196,onion
93,40,52,28.7,66,5.69,239,tomato
83,41,42,24.56,88,5.58,184,onion
34,15,38,30.92,75,5.57,63,soybean
33,54,15,24.64,61,7.57,116,soybean
87,30,60,34.93,52,6.1,146,wheat
38,46,22,24.6,63,6.02,204,onion
93,50,39,24.19,72,6.65,217,sugarcane
86,10,44,27.58,50,5.15,190,maize
80,48,56,26.01,54,6.07,277,millets
31,45,17,37.29,61,6.86,257,cotton
86,38,51,21.0,61,5.34,200,wheat
69,18,15,22.57,89,6.29,167,maize
33,51,30,23.2,93,5.73,251,millets
84,35,12,28.46,63,5.49,182,barley
83,20,31,26.23,58,5.77,83,cotton
44,32,42,36.0,51,5.46,87,cotton
49,55,23,37.32,56,5.45,91,tomato
44,22,50,36.8,82,7.43,217,sugarcane
94,11,17,27.14,57,6.25,262,potato
71,13,30,25.86,56,7.41,69,potato
69,48,13,21.1,70,7.79,230,onion
42,30,21,23.91,83,6.84,235,onion
93,20,16,33.14,51,7.09,83,wheat
30,14,45,26.86,95,6.07,186,rice
61,33,60,20.33,72,7.58,115,maize
82,52,37,36.57,53,7.38,144,millets
42,22,31,37.68,56,7.18,127,tomato
36,26,30,35.1,86,7.8,281,rice
91,60,32,32.64,52,6.67,240,millets
51,41,22,22.05,84,5.42,253,rice
68,16,23,25.47,62,5.46,208,potato
49,16,53,29.02,81,6.49,67,groundnut
66,44,55,27.59,72,7.6,91,maize
58,35,25,22.42,86,7.67,288,potato
43,52,20,28.49,68,7.55,154,groundnut
90,15,47,37.04,54,7.65,208,maize
91,38,26,30.22,93,7.61,71,soybean
55,36,36,27.96,90,5.56,241,barley
65,33,21,23.71,70,5.18,147,rice
56,34,48,29.83,95,6.34,300,cotton
50,16,28,31.01,74,6.32,139,groundnut
90,37,19,26.45,75,7.11,153,maize
67,56,19,35.9,90,7.71,150,groundnut
64,26,29,25.3,83,6.22,120,potato
89,56,60,28.76,79,5.25,194,maize
83,51,28,18.01,88,7.22,260,tomato
56,32,12,18.79,74,6.28,184,onion
74,34,12,19.91,55,6.85,281,millets
59,26,36,25.89,59,7.56,85,barley
86,27,55,30.2,71,5.81,70,sugarcane
76,46,15,28.15,54,7.48,65,onion
68,25,14,26.56,69,5.83,279,wheat
78,40,43,29.58,91,5.85,282,rice
53,20,54,36.72,87,7.36,97,potato
45,36,53,35.56,59,6.0,76,tomato
78,53,51,28.47,60,7.26,55,maize
91,25,27,20.73,75,6.4,176,millets
89,32,13,23.68,68,5.7,274,groundnut
54,36,32,26.29,88,7.17,289,sugarcane
62,12,50,25.52,80,5.26,254,soybean
67,43,43,28.28,71,5.79,235,cotton
92,35,39,36.91,92,5.27,264,maize
90,27,17,32.83,52,6.43,94,barley
47,36,26,22.58,63,6.21,189,rice
38,27,22,19.7,90,7.38,260,millets
85,55,16,25.58,64,6.98,112,millets
65,32,47,31.01,58,5.88,193,tomato
40,35,39,34.72,69,5.14,276,tomato
50,23,14,19.83,85,6.63,204,soybean
91,34,23,26.61,73,7.31,220,wheat
42,29,33,32.1,78,6.59,186,groundnut
84,39,48,26.75,62,6.3,208,wheat
46,39,19,25.5,85,7.29,75,millets
55,40,49,21.28,90,5.76,265,maize
71,19,42,30.45,61,5.79,283,cotton
80,37,44,31.59,88,5.1,287,soybean
50,48,59,31.28,94,7.12,143,sugarcane
39,25,48,27.48,83,6.94,253,soybean
82,31,46,31.27,93,7.2,145,sugarcane
58,24,29,19.9,60,5.38,275,soybean
83,15,32,18.11,84,5.05,169,rice
79,16,16,31.66,86,5.82,270,tomato
76,43,26,29.89,79,6.08,118,wheat
82,10,44,18.14,82,6.13,57,rice
91,11,49,23.24,78,7.44,152,rice
31,19,40,29.65,80,5.28,221,potato
82,11,15,36.29,85,6.45,252,tomato
63,31,15,23.18,63,7.5,91,onion
95,41,41,33.71,89,6.09,298,rice
52,55,15,32.85,79,5.94,103,maize
37,17,45,37.42,94,5.47,73,onion
38,21,14,20.69,52,6.21,127,sugarcane
58,55,30,20.72,56,6.5,177,groundnut
52,21,37,21.61,82,5.58,152,cotton
43,18,58,26.48,87,7.66,224,onion
79,58,39,29.86,50,5.87,298,groundnut
49,39,40,18.92,75,6.69,269,millets
32,13,30,19.61,83,6.08,114,tomato
54,41,16,36.63,64,6.55,198,millets
51,47,18,20.28,90,6.23,181,groundnut
83,41,36,30.45,89,5.46,184,onion
32,23,13,29.98,79,7.57,214,wheat
84,18,15,26.19,83,5.78,117,groundnut
71,55,52,34.9,55,5.93,128,soybean
41,60,46,31.27,81,7.59,166,groundnut
56,21,19,29.7,92,7.75,133,maize
83,10,60,23.4,52,7.63,112,barley
54,45,19,34.52,94,5.03,283,rice
30,33,38,33.52,82,5.96,95,sugarcane
60,44,57,23.98,89,5.2,251,barley
31,12,19,22.28,66,6.36,233,sugarcane
91,28,10,20.9,79,5.76,170,potato
61,58,19,27.2,56,7.45,293,barley
55,10,24,23.19,87,6.04,177,sugarcane
61,12,30,23.54,93,6.81,93,onion
37,34,18,25.41,80,5.9,248,wheat
90,18,41,18.69,62,6.11,103,tomato
60,44,23,34.18,89,5.29,227,soybean
70,26,48,28.0,86,5.5,101,barley
79,48,20,32.85,64,6.81,242,sugarcane
39,25,57,33.2,88,7.7,92,tomato
35,17,29,22.84,72,7.14,225,tomato
74,33,36,35.75,92,5.45,180,millets
76,31,12,21.28,69,5.33,66,millets
50,42,19,37.85,82,7.62,91,tomato
30,53,41,36.71,52,6.04,210,maize
69,23,45,31.31,91,5.99,65,rice
31,55,53,20.88,88,7.16,182,cotton
76,10,33,37.57,68,5.74,199,tomato
56,39,12,19.07,82,6.65,267,soybean
86,52,38,20.51,85,5.25,52,sugarcane
49,33,60,35.04,75,6.01,136,cotton
86,13,20,36.06,74,5.38,81,soybean
74,33,20,36.76,80,6.9,83,groundnut
94,28,55,21.13,70,6.75,181,sugarcane
79,14,34,18.03,87,6.52,246,maize
52,40,49,29.32,60,6.35,110,wheat
90,55,20,32.2,90,7.72,226,wheat
73,52,43,21.0,59,6.35,222,wheat
81,37,57,25.12,89,6.46,121,soybean
36,10,23,22.45,83,5.44,118,millets
69,49,57,28.05,94,7.74,154,maize
50,26,31,21.42,74,5.84,236,rice
42,45,47,27.19,76,5.69,116,rice
84,17,37,37.07,83,6.96,144,rice
76,17,30,34.38,82,7.17,198,cotton
31,11,50,32.08,54,6.24,233,barley
37,12,53,27.51,77,7.5,275,tomato
54,54,47,25.22,65,5.68,117,sugarcane
69,24,45,27.12,64,6.86,153,millets
41,34,39,19.11,57,6.05,267,wheat
58,29,18,20.82,88,6.65,136,sugarcane
47,32,57,29.67,51,5.33,161,tomato
48,13,11,29.07,50,5.91,62,wheat
85,56,40,29.17,69,7.59,188,groundnut
57,30,36,37.23,81,5.65,66,onion
55,32,27,35.78,59,5.97,57,tomato
58,55,11,24.61,83,6.58,261,sugarcane
92,22,36,24.33,93,5.58,244,soybean
30,46,25,18.75,80,5.69,142,cotton
64,46,32,20.73,58,5.75,255,tomato
88,55,55,31.7,81,7.71,107,tomato
71,52,26,18.53,89,5.23,52,cotton
95,10,18,28.2,92,6.36,93,maize
70,60,51,34.22,68,5.82,267,tomato
44,31,36,36.67,53,7.73,151,millets
82,10,57,33.03,73,6.5,127,maize
95,13,22,37.1,79,7.7,174,cotton
57,30,54,34.75,74,5.63,210,sugarcane
81,29,14,21.66,67,6.79,226,wheat
35,42,22,24.32,80,7.61,276,groundnut
68,28,20,22.47,54,7.18,83,groundnut
90,54,60,33.66,54,6.22,53,groundnut
36,29,13,36.46,71,6.29,111,groundnut
35,47,48,35.54,52,6.3,252,barley
75,31,55,35.1,57,7.23,50,cotton
90,58,23,27.94,82,5.69,93,onion
56,42,34,22.09,87,7.28,200,barley
66,54,46,30.85,79,5.41,50,soybean
49,47,43,33.84,95,6.31,76,barley
39,59,50,25.22,50,6.76,249,potato
31,11,59,32.44,55,7.1,192,rice
36,29,45,18.05,68,6.81,157,cotton
72,12,56,37.57,55,5.44,240,barley
52,42,37,29.19,52,7.06,150,maize
48,46,45,35.89,74,5.42,263,maize
79,56,14,29.17,74,5.18,282,tomato
56,17,37,31.3,60,7.02,171,potato
64,16,55,27.51,93,7.49,274,wheat
41,38,57,28.95,79,6.82,96,millets
34,30,53,20.23,59,5.46,284,maize
78,57,59,29.43,81,5.57,91,maize
75,42,27,25.15,73,6.63,181,onion
65,59,42,28.71,54,6.4,164,wheat
70,45,13,24.77,81,6.82,260,onion
91,49,13,37.47,85,6.24,267,onion
84,19,42,27.62,66,7.75,297,tomato
35,11,36,19.23,81,6.46,179,soybean
38,55,32,24.57,67,5.41,67,groundnut
51,47,53,21.13,83,5.7,193,onion
81,41,13,25.82,62,7.62,121,groundnut
73,14,27,35.8,52,5.14,245,maize
83,47,49,28.6,76,5.02,178,sugarcane
78,10,40,30.47,75,6.99,195,potato
65,26,43,26.2,59,5.69,119,rice
57,17,42,37.12,75,6.68,210,barley
43,55,47,37.72,94,7.67,111,maize
50,21,29,36.84,59,7.23,128,onion
32,35,58,19.85,65,5.75,240,cotton
84,22,27,27.86,91,5.42,171,millets
64,28,17,33.81,76,5.5,82,millets
48,51,21,22.8,79,7.2,77,tomato
62,57,45,22.45,70,5.39,258,millets
67,57,43,23.58,55,5.71,277,potato
58,29,34,31.07,57,6.46,92,maize
59,51,60,28.73,67,6.25,243,maize
31,41,16,28.13,75,6.59,257,sugarcane
44,50,54,32.22,52,6.26,115,cotton
32,51,12,20.94,86,6.73,123,millets
93,17,43,30.05,85,7.63,72,sugarcane
85,38,34,31.21,62,6.91,68,wheat
37,21,25,24.88,67,6.25,291,maize
86,24,59,37.65,67,5.1,279,barley
33,26,53,26.86,53,5.08,254,rice
95,23,43,19.91,59,7.23,192,sugarcane
58,35,44,37.86,67,5.2,108,tomato
76,26,58,29.97,67,7.63,191,groundnut
54,52,56,29.31,74,7.13,222,sugarcane
74,25,54,20.55,56,7.06,153,soybean
50,39,15,28.9,64,7.43,71,sugarcane
47,46,29,26.35,77,6.26,239,soybean
66,36,35,27.85,58,5.3,65,cotton
84,36,37,19.98,50,6.68,287,millets
78,15,49,20.55,77,7.25,99,sugarcane
60,33,40,20.64,95,6.85,213,sugarcane
37,16,47,25.88,81,5.42,183,barley
53,41,43,29.44,89,5.54,179,sugarcane
91,13,41,33.51,75,6.08,254,sugarcane
61,47,42,32.54,67,6.44,276,groundnut
50,10,21,19.05,87,5.36,199,onion
67,45,24,33.88,72,5.84,110,barley
53,31,31,20.69,93,7.7,116,onion
78,32,12,28.28,60,5.68,230,groundnut
92,35,38,26.75,72,6.45,162,barley
44,28,35,29.5,83,5.05,289,sugarcane
67,30,28,33.36,68,7.12,295,maize
58,50,43,24.79,83,5.57,210,groundnut
31,46,17,24.58,77,7.37,167,millets
62,15,30,29.62,87,5.53,75,rice
71,49,39,31.27,94,5.76,225,millets
59,40,30,28.89,82,7.65,87,soybean
32,27,41,32.0,64,5.92,62,tomato
68,22,16,27.71,88,7.48,129,barley
91,14,28,27.76,82,5.26,62,onion
47,29,12,33.31,94,5.46,122,sugarcane
56,28,58,25.08,58,6.97,176,rice
79,40,45,32.72,64,6.11,195,potato
82,15,59,25.05,67,6.59,215,wheat
32,48,13,22.06,89,6.33,259,tomato
66,32,52,23.98,71,5.62,148,potato
58,49,32,24.47,61,5.96,142,potato
40,41,46,28.9,52,7.3,135,onion
55,40,21,35.35,79,5.37,281,soybean
44,15,45,30.85,68,5.83,102,tomato
89,23,34,20.05,50,7.45,233,barley
44,54,14,26.28,81,5.01,134,onion
69,31,14,31.98,55,7.71,110,potato
66,21,33,27.65,54,5.25,53,rice
36,20,55,33.84,81,5.75,117,cotton
61,34,24,29.47,53,5.49,62,sugarcane
81,10,51,22.96,62,6.09,241,tomato
83,13,43,30.16,85,6.21,296,sugarcane
51,29,18,19.39,91,6.43,154,millets
39,45,40,34.49,68,5.85,242,onion
40,34,57,30.75,56,6.17,90,barley
37,56,43,26.26,69,5.95,116,maize
88,33,49,19.71,94,5.99,94,barley
49,12,58,23.34,70,6.6,188,rice
63,45,39,18.63,72,6.98,162,tomato
53,54,51,21.98,61,6.2,171,onion
55,28,46,36.58,58,6.94,156,rice
49,53,18,37.51,79,7.05,93,maize
41,50,41,29.85,90,6.74,290,sugarcane
37,51,47,36.96,95,5.84,291,cotton
74,58,36,19.09,85,6.98,89,soybean
56,40,14,19.01,78,6.03,91,wheat
69,10,17,26.94,74,5.01,274,sugarcane
39,41,56,32.09,77,5.64,283,wheat
54,45,42,26.81,93,5.78,98,rice
86,52,18,34.63,67,5.61,164,potato
62,44,11,37.7,77,6.48,151,rice
63,42,12,28.29,70,7.65,103,maize
88,30,59,35.43,82,6.43,98,soybean
41,29,31,37.87,51,5.56,92,cotton
71,22,37,18.11,84,6.78,79,onion
43,32,31,33.72,86,5.19,197,tomato
32,23,12,35.82,62,5.89,118,sugarcane
34,59,52,33.19,94,6.91,250,rice
77,55,41,23.91,54,6.45,104,groundnut
83,18,26,29.64,66,5.67,220,potato
42,26,50,19.12,76,7.08,178,maize
62,20,44,24.89,84,5.83,82,sugarcane
70,55,26,21.0,78,5.75,128,wheat
57,54,19,30.79,62,5.86,226,maize
45,60,51,31.47,58,7.75,142,millets
42,36,55,23.02,63,6.61,160,maize
91,31,21,35.25,91,5.41,254,tomato
83,57,40,22.73,78,7.42,198,wheat
55,25,23,37.75,88,7.31,103,millets
47,26,20,34.66,62,5.99,60,barley
40,46,34,32.28,64,5.15,200,onion
30,38,14,27.41,70,7.51,179,wheat
74,49,17,21.71,61,5.75,203,onion
92,24,12,21.96,77,5.65,251,sugarcane
60,34,33,29.17,50,7.26,230,potato
31,31,30,35.02,82,6.98,284,sugarcane
36,59,10,31.17,90,7.25,121,barley
91,39,51,26.03,95,5.89,154,sugarcane
38,42,26,25.3,75,6.83,240,cotton
80,23,10,27.14,53,6.45,203,groundnut
74,52,35,23.19,76,5.3,164,potato
30,34,52,30.29,88,6.16,299,potato
95,35,44,27.82,75,5.31,74,potato
65,21,15,25.24,60,5.8,166,onion
47,14,17,25.02,59,7.6,123,millets
52,37,60,34.23,50,6.93,174,wheat
58,43,20,29.18,61,6.84,286,cotton
78,39,10,33.42,84,6.87,173,sugarcane
45,21,29,36.61,80,5.52,268,cotton
75,41,35,20.19,55,7.55,56,wheat
95,51,56,33.49,92,7.53,165,wheat
38,52,45,29.06,87,5.85,67,wheat
72,21,31,27.52,86,7.37,200,sugarcane
64,52,17,20.1,95,6.07,246,millets
88,17,54,20.3,56,5.55,251,wheat
46,36,18,36.09,61,6.77,69,barley
73,18,59,29.94,71,5.72,134,onion
74,57,13,29.62,69,7.69,189,barley
76,19,31,33.35,78,5.2,118,soybean
88,20,35,21.84,73,5.14,73,barley
84,39,46,24.84,75,7.04,228,onion
61,41,35,25.98,66,7.0,77,wheat
31,52,30,21.94,61,6.26,266,millets
34,52,31,32.79,64,5.86,297,soybean
89,16,37,29.63,67,7.65,161,cotton
67,21,57,21.24,57,6.84,290,onion
38,20,42,23.45,94,6.17,298,rice
48,57,48,21.22,76,5.88,212,potato
45,57,60,36.75,85,5.49,146,cotton
56,48,11,33.45,59,6.24,82,wheat
69,20,55,36.08,55,5.41,61,maize
45,59,31,22.42,56,6.44,71,rice
48,23,29,21.15,76,7.53,133,onion
47,53,12,26.76,95,6.13,296,millets
70,31,44,24.89,81,6.41,197,onion
30,58,44,33.09,74,6.61,218,groundnut
92,23,16,24.52,66,5.74,193,cotton
35,49,38,33.13,56,7.35,246,potato
41,53,19,19.11,80,7.24,266,tomato
59,26,11,18.06,58,7.53,74,wheat
46,45,46,26.92,84,5.55,64,potato
64,20,35,31.72,86,6.75,164,potato
46,58,56,28.52,73,5.89,188,rice
32,50,21,19.66,57,7.69,134,sugarcane
56,49,30,22.69,67,7.53,144,tomato
69,50,37,37.62,55,5.01,296,potato
90,47,21,27.25,84,5.37,172,wheat
30,17,51,36.64,82,6.42,100,wheat
41,56,55,36.13,53,6.09,235,rice
61,29,51,35.14,53,6.88,93,millets
92,46,59,23.64,53,6.39,292,rice
64,59,25,24.61,84,5.22,100,sugarcane
45,11,29,21.32,55,6.55,151,tomato
48,19,56,22.02,63,6.25,208,sugarcane
61,35,45,28.77,81,7.24,249,sugarcane
54,32,20,30.59,90,6.3,82,sugarcane
33,37,49,35.4,76,6.03,83,potato
82,47,25,22.16,90,7.03,289,maize
41,13,23,35.27,94,6.08,286,soybean
79,43,13,26.34,59,6.79,204,potato
63,18,25,21.53,90,7.37,178,groundnut
93,50,21,25.68,92,7.0,272,sugarcane
40,34,49,21.43,94,6.98,98,wheat
83,57,54,36.44,60,5.04,51,wheat
57,10,39,24.11,71,7.68,208,tomato
70,16,29,32.28,77,7.12,249,millets
66,31,51,36.9,92,5.34,57,tomato
51,19,33,18.59,86,7.0,119,groundnut
71,59,46,32.99,87,5.57,221,soybean
78,51,13,18.63,57,5.3,164,rice
31,14,29,24.21,61,6.59,144,groundnut
39,55,38,28.58,84,5.19,296,rice
72,36,40,28.71,54,5.5,93,potato
90,41,30,24.81,94,5.12,268,potato
88,46,25,21.07,83,5.88,171,onion
50,29,59,30.8,67,5.48,113,soybean
41,26,13,21.41,52,5.58,240,barley
49,28,51,18.11,54,5.79,164,onion
66,40,33,24.04,80,7.08,234,wheat
41,25,40,35.92,82,6.22,234,onion
92,47,39,29.98,50,5.01,158,millets
41,53,49,32.66,63,7.45,261,soybean
42,34,11,20.97,95,6.56,270,maize
88,59,22,21.63,71,5.4,163,maize
78,45,21,28.24,67,5.81,237,barley
67,12,21,22.72,56,7.57,211,sugarcane
69,17,38,25.41,63,6.63,141,potato
88,30,22,31.62,77,7.1,194,millets
75,40,20,19.78,86,7.69,147,cotton
59,47,47,21.3,54,7.6,97,sugarcane
31,54,33,33.95,72,6.4,235,sugarcane
36,14,45,36.76,87,5.88,139,wheat
59,31,59,26.83,71,6.57,266,potato
45,21,56,34.04,77,5.09,100,sugarcane
81,49,53,36.42,84,5.32,220,rice
70,48,18,36.05,67,7.49,188,sugarcane
65,40,59,30.92,93,5.14,69,rice
44,16,13,22.36,80,5.86,126,maize
30,11,49,24.31,84,6.42,117,potato
45,40,49,19.71,94,6.35,271,cotton
30,55,40,27.33,78,5.57,120,onion
40,31,47,25.15,59,6.25,91,cotton
77,43,31,18.18,70,5.8,209,groundnut
32,15,54,19.05,93,6.84,228,sugarcane
52,55,17,34.18,84,5.85,216,maize
47,49,40,34.33,83,7.38,238,rice
71,21,16,31.43,58,5.82,167,maize
92,37,49,23.8,67,5.38,130,cotton
94,17,56,19.68,89,7.38,137,millets
68,10,55,20.73,56,6.52,116,soybean
91,29,37,30.59,82,6.93,171,onion
83,27,39,33.26,90,7.25,54,onion
35,33,45,26.53,67,6.95,225,maize
84,36,34,35.94,82,6.99,131,potato
71,40,50,34.68,59,5.61,208,cotton
62,25,31,35.4,85,6.13,162,millets
55,12,37,24.12,51,7.75,198,cotton
33,45,50,18.14,55,5.28,176,soybean
90,17,46,25.79,89,5.07,85,millets
32,12,19,36.84,94,5.26,84,potato
69,14,26,37.12,64,6.09,217,onion
64,14,47,34.99,88,5.48,149,barley
80,13,18,32.48,87,6.54,60,rice
65,26,10,26.69,89,6.15,128,wheat
54,49,50,33.03,65,5.24,171,potato
90,25,59,30.31,56,6.62,56,barley
38,27,19,30.69,78,6.2,117,sugarcane
38,21,55,19.69,56,7.5,229,millets
85,32,51,37.47,75,7.7,60,tomato
34,47,38,32.83,59,7.25,65,rice
58,44,23,18.87,54,6.08,266,onion
68,55,19,25.73,77,7.23,101,onion
83,40,45,24.94,71,7.05,195,maize
31,60,49,23.12,60,5.25,223,barley
70,21,52,32.04,82,5.99,236,potato
52,38,18,21.7,84,6.12,237,onion
57,10,20,28.35,92,6.32,108,cotton
42,30,56,28.43,67,7.2,267,sugarcane
63,44,57,25.32,54,7.64,119,soybean
40,31,48,29.72,54,6.64,282,groundnut
49,58,24,23.0,70,5.95,171,rice
32,53,40,31.15,70,7.64,235,wheat
34,34,38,24.78,77,5.02,266,wheat
39,48,56,36.52,70,5.41,72,soybean
52,31,38,18.45,72,5.8,97,tomato
39,20,39,37.62,90,6.03,136,tomato
74,12,38,19.09,88,6.9,239,soybean
94,57,32,32.02,53,6.1,206,cotton
62,17,53,32.79,59,6.83,291,rice
35,43,43,18.89,61,5.68,121,barley
60,59,51,22.79,93,6.04,159,wheat
46,18,49,35.24,90,6.54,155,onion
43,54,10,37.58,70,7.71,287,wheat
82,51,32,34.63,87,5.28,188,tomato
30,47,55,22.51,69,5.76,55,barley
80,25,43,32.09,50,5.98,281,barley
41,52,15,35.4,53,5.64,284,sugarcane
89,43,46,34.41,65,7.12,128,millets
76,12,54,25.29,92,5.15,237,groundnut
92,21,22,26.16,94,7.68,207,sugarcane
85,31,18,37.24,75,7.21,51,wheat
65,21,33,18.16,65,7.02,64,cotton
84,40,27,27.3,91,7.21,102,soybean
45,23,56,37.78,88,7.55,237,cotton
66,45,50,27.57,69,7.28,230,rice
71,21,60,21.83,90,7.45,159,barley
38,16,38,19.5,59,6.62,254,cotton
61,31,33,20.99,65,6.96,295,soybean
72,49,40,30.2,92,6.9,260,soybean
86,52,20,18.09,60,6.64,92,potato
76,58,49,21.71,81,5.96,90,barley
78,50,59,29.03,55,6.67,161,cotton
50,34,49,35.58,95,5.34,145,cotton
45,53,55,37.22,72,6.49,200,soybean
72,46,30,28.85,62,7.21,220,sugarcane
41,10,27,22.15,92,7.67,191,tomato
93,49,29,35.95,90,6.75,279,tomato
37,50,26,31.61,68,6.47,215,maize
79,42,17,31.48,76,5.13,114,maize
76,50,28,22.53,56,7.2,110,wheat
43,29,56,19.18,93,5.06,109,rice
57,14,10,34.72,91,5.83,212,soybean
49,43,33,26.48,77,7.72,145,millets
56,33,38,18.63,78,7.1,196,onion
37,26,46,21.13,65,7.79,231,rice
39,31,30,19.22,86,5.3,166,potato
87,45,50,29.5,55,6.06,225,potato
41,31,48,29.02,84,5.27,221,tomato
75,55,43,30.81,84,7.28,192,sugarcane
46,60,54,33.91,95,7.06,259,potato
59,43,25,36.11,75,6.86,111,soybean
52,20,35,33.38,66,6.31,119,barley
66,36,23,18.2,61,6.23,281,barley
60,46,10,33.72,57,6.41,146,barley
44,10,45,32.4,54,5.1,292,millets
55,47,39,35.9,90,5.06,197,soybean
91,11,26,33.41,94,6.77,269,wheat
89,16,31,20.17,55,5.61,293,maize
63,43,28,31.11,63,5.64,224,millets
61,52,36,24.8,80,5.33,198,sugarcane
41,34,56,22.51,95,5.01,291,cotton
88,59,25,19.56,53,7.59,170,onion
46,32,14,24.39,55,5.58,106,groundnut
70,34,37,34.07,89,7.3,70,potato
87,22,15,25.86,76,7.15,77,rice
31,25,56,36.18,58,5.31,298,cotton
54,12,42,29.24,89,5.12,77,soybean
81,19,58,27.45,87,6.94,268,tomato
36,35,46,27.95,63,7.19,223,barley
51,43,42,23.23,92,5.59,62,onion
50,45,43,23.8,88,7.31,192,wheat
78,42,20,33.42,68,6.24,237,barley
41,29,23,34.49,87,5.48,174,wheat
72,50,16,32.93,73,7.03,87,millets
68,27,48,36.62,86,6.51,164,barley
92,34,51,34.76,50,6.54,90,tomato
69,12,30,30.0,83,6.87,111,soybean
77,54,57,25.92,88,7.48,233,onion
86,20,15,36.77,60,5.08,88,barley
43,52,20,37.23,84,7.37,132,maize
50,52,11,36.07,90,5.33,115,millets
91,32,42,23.91,52,6.59,295,potato
52,60,47,18.8,67,7.43,164,barley
60,12,19,30.56,85,5.55,138,rice
45,15,59,33.35,72,6.2,52,tomato
38,29,11,22.62,76,7.32,249,cotton
47,34,53,31.13,50,6.2,84,tomato
87,10,26,18.48,95,6.15,114,onion
86,19,56,19.38,90,5.12,97,potato
63,28,27,33.35,65,5.64,196,barley
42,12,32,29.96,87,6.04,270,wheat
82,14,31,30.84,95,5.33,86,barley
46,23,53,23.46,57,6.36,69,wheat
66,20,32,22.01,79,5.77,131,potato
83,34,22,19.29,85,6.66,101,wheat
44,14,57,37.8,65,5.52,148,potato
57,41,33,19.18,93,6.48,215,wheat
46,48,10,24.07,57,7.43,274,groundnut
65,19,53,34.98,72,5.64,138,groundnut
69,48,58,32.38,89,6.43,73,cotton
76,16,19,24.5,73,7.2,54,onion
51,27,29,34.6,64,7.23,168,groundnut
39,11,39,22.38,64,6.84,271,soybean
41,24,19,28.76,78,7.11,291,sugarcane
86,40,48,22.6,59,5.39,296,barley
62,53,38,32.88,55,7.07,241,wheat
82,26,60,23.64,87,5.53,166,barley
32,55,56,19.26,93,6.93,262,tomato
92,35,11,36.05,95,7.22,271,wheat
76,44,55,28.26,88,7.46,170,millets
32,29,57,35.09,68,6.58,143,potato
86,50,11,31.2,86,7.01,149,sugarcane
87,58,59,34.19,76,6.28,163,millets
31,45,52,37.5,91,6.79,289,sugarcane
93,39,37,34.71,55,5.57,58,tomato
38,21,27,35.2,54,5.32,179,maize
79,12,22,21.72,64,5.83,231,sugarcane
83,22,10,28.03,73,7.36,100,rice
92,47,33,28.59,93,5.59,154,soybean
82,25,43,30.46,66,6.85,169,maize
54,54,53,32.92,73,7.57,159,wheat
76,45,15,33.51,65,7.79,176,tomato
88,12,38,20.99,66,7.18,92,soybean
55,59,55,35.85,75,7.16,207,potato
84,44,39,33.68,74,7.51,113,rice
49,46,48,22.38,57,5.55,67,wheat
69,59,43,19.16,82,7.79,78,soybean
54,42,19,32.17,92,6.58,122,groundnut
64,18,34,21.68,67,6.52,223,sugarcane
34,52,32,36.51,50,5.13,52,wheat
74,21,38,19.74,82,6.4,209,onion
53,33,16,29.78,51,5.43,287,potato
48,20,19,31.93,67,6.77,270,potato
62,20,27,26.4,68,6.53,99,millets
76,12,36,24.09,86,5.53,109,soybean
62,48,34,19.16,92,6.58,247,tomato
38,58,14,32.44,65,6.9,118,tomato
45,25,53,29.77,60,5.88,234,tomato
94,21,42,25.61,94,7.29,100,tomato
50,59,36,31.47,61,6.95,90,sugarcane
56,30,51,25.01,70,5.48,98,wheat
76,39,33,36.67,78,6.34,282,millets
51,37,24,22.57,87,7.75,223,potato
72,35,38,27.22,70,7.4,53,soybean
69,16,54,35.43,50,5.71,160,maize
39,18,33,32.12,57,6.92,112,potato
49,24,57,32.81,73,5.62,221,onion
54,56,54,27.84,65,6.57,244,millets
59,34,36,26.72,78,6.86,247,maize
33,40,36,35.55,68,7.21,194,soybean
65,37,14,33.85,94,7.12,210,groundnut
53,31,12,24.55,78,5.3,298,rice
56,38,11,37.48,52,7.69,157,barley
41,15,14,36.56,75,5.98,265,rice
60,18,38,33.02,70,5.56,162,soybean
34,57,40,18.04,89,7.06,89,millets
84,52,13,28.17,81,7.18,289,tomato
47,35,28,33.55,56,6.78,61,wheat
75,27,31,20.34,95,6.53,174,potato
75,58,46,32.08,61,7.7,253,onion
95,21,52,20.94,76,7.21,170,onion
42,39,33,24.7,89,7.61,64,soybean
40,56,35,19.81,56,7.01,194,sugarcane
78,29,58,29.72,93,6.87,118,tomato
87,40,14,29.76,50,6.84,181,tomato
50,54,58,33.82,54,5.76,213,groundnut
40,39,18,19.77,73,6.81,87,onion
31,55,52,29.54,51,5.45,184,potato
92,49,10,30.9,85,5.87,190,rice
78,13,23,18.46,76,6.49,285,tomato
82,53,37,27.8,64,5.89,253,soybean
93,28,60,36.73,80,6.28,132,sugarcane
49,21,40,23.16,95,7.45,57,groundnut
95,24,24,37.76,58,6.33,214,groundnut
42,53,25,35.39,70,7.4,166,maize
55,52,10,31.5,50,6.63,284,potato
51,51,45,25.92,95,5.84,290,cotton
49,35,21,29.6,64,7.03,73,sugarcane
36,27,41,29.02,55,5.86,198,soybean
63,59,48,37.49,64,5.04,219,cotton
74,53,18,26.14,55,7.44,268,millets
39,56,35,37.49,82,5.3,214,cotton
86,56,20,30.14,80,5.07,214,groundnut
81,28,26,28.6,53,7.64,274,onion
55,32,57,30.49,88,5.32,70,potato
45,36,55,28.7,83,6.46,261,cotton
71,34,10,37.58,63,7.66,127,wheat
31,26,12,29.31,76,6.05,159,cotton
42,55,26,19.93,74,7.41,204,maize
90,56,40,26.01,64,6.95,52,tomato
63,10,42,22.47,75,6.38,85,rice
34,47,28,37.95,78,6.72,276,groundnut
91,11,18,37.04,54,7.03,252,cotton
74,29,38,22.89,95,7.32,273,potato
95,42,42,35.23,55,7.5,209,wheat
34,51,44,23.36,91,6.16,78,wheat
56,25,60,20.28,59,6.77,293,wheat
83,19,14,29.44,59,7.57,90,cotton
66,27,24,22.19,84,7.7,82,wheat
94,54,43,30.87,91,5.82,150,barley
88,39,34,27.9,83,6.76,276,potato
38,13,26,36.67,74,6.34,204,millets
87,46,31,18.68,90,5.81,150,sugarcane
45,39,43,22.75,90,5.33,111,onion
71,43,33,29.6,55,5.08,108,millets
93,10,16,37.13,66,7.6,207,onion
68,41,37,24.74,87,5.21,185,sugarcane
46,47,56,21.95,56,5.49,129,groundnut
60,18,36,32.3,60,5.91,101,barley
58,46,50,20.02,86,5.57,231,sugarcane
60,10,15,24.03,87,6.94,267,potato
72,54,15,29.6,74,7.63,258,millets
38,22,20,31.03,91,6.62,81,barley
53,54,23,30.43,95,5.42,100,tomato
68,39,31,22.81,87,5.75,79,wheat
81,28,58,25.54,61,7.02,266,onion
92,45,54,23.04,73,5.48,92,potato
42,51,14,18.09,85,6.71,78,tomato
55,12,16,25.86,74,5.4,137,onion
86,32,21,33.85,81,5.87,198,groundnut
71,45,30,31.19,91,6.41,212,wheat
61,23,38,34.31,91,5.39,248,barley
61,42,32,35.45,83,7.59,130,soybean
89,32,21,21.12,52,5.52,61,wheat
88,46,30,30.93,75,6.82,294,sugarcane
49,25,38,32.12,61,7.13,215,groundnut
49,41,21,36.05,62,5.69,202,soybean
79,35,31,18.45,66,6.66,219,groundnut
62,13,37,32.22,59,7.71,175,sugarcane
66,60,12,30.21,61,6.65,167,groundnut
49,57,54,29.21,77,7.76,183,maize
93,31,58,30.03,90,5.82,262,maize
82,20,13,26.94,51,5.45,276,tomato
35,29,38,23.07,79,5.84,55,cotton
56,48,26,27.26,87,6.61,235,tomato
66,22,24,27.81,64,5.01,238,rice
79,21,33,20.49,89,5.28,119,onion
75,29,22,29.54,92,6.92,62,millets
48,28,36,37.67,63,6.01,110,sugarcane
90,59,34,29.07,54,5.12,259,wheat
46,14,58,26.23,94,6.48,280,potato
32,37,44,33.41,54,6.76,206,onion
74,36,15,36.84,55,6.06,89,sugarcane
63,37,32,19.48,64,7.51,257,tomato
89,51,17,37.66,74,5.3,290,soybean
54,57,27,34.36,58,6.76,268,millets
83,36,39,24.13,58,5.49,155,potato
90,23,49,27.77,89,7.13,278,groundnut
51,25,17,21.52,75,6.88,244,soybean
71,27,12,29.28,93,5.86,293,wheat
36,14,15,19.22,52,5.44,118,wheat
72,56,43,18.28,83,6.88,214,wheat
37,43,50,18.21,61,5.18,214,millets
85,20,60,21.37,77,5.47,243,cotton
75,17,35,22.32,69,6.57,232,rice
65,45,25,35.51,82,7.53,238,barley
74,37,28,37.28,93,5.62,121,rice
91,39,25,35.51,72,5.8,190,soybean
79,35,11,37.13,62,5.55,153,maize
74,21,60,20.55,83,5.17,98,cotton
91,24,45,33.63,72,5.4,155,tomato
31,59,33,29.27,65,6.85,131,sugarcane
81,43,50,24.94,83,6.65,61,wheat
34,45,18,22.91,81,7.1,65,rice
70,53,12,36.75,66,7.46,226,onion
39,10,17,20.96,81,5.56,123,millets
50,15,56,32.65,64,5.27,214,barley
90,23,34,24.07,68,6.97,123,soybean
56,19,14,22.25,91,6.82,70,soybean
74,31,19,28.7,89,5.19,290,groundnut
37,35,45,20.5,66,7.56,66,onion
83,15,53,36.42,93,6.52,295,soybean
41,14,17,18.16,68,6.53,50,sugarcane
65,12,29,27.76,89,5.22,195,tomato
37,54,42,30.54,76,5.16,179,rice
44,55,19,26.76,80,6.07,160,soybean
31,24,12,22.13,94,7.07,98,soybean
33,41,43,22.53,63,7.19,272,potato
39,52,53,32.08,78,6.02,60,cotton
37,15,32,25.72,57,6.1,162,onion
48,20,47,35.35,75,5.67,187,millets
50,18,38,32.19,77,6.36,99,soybean
38,16,40,27.87,57,5.69,151,tomato
69,39,35,28.02,80,5.65,185,barley
31,42,11,37.63,68,7.3,198,barley
51,32,38,20.5,79,6.31,200,millets
75,24,39,21.99,86,6.73,264,wheat
64,11,18,32.7,79,7.13,214,groundnut
68,51,31,26.28,89,7.29,133,sugarcane
79,51,27,30.59,52,7.61,226,maize
52,54,17,34.89,59,7.3,57,tomato
86,42,34,29.23,69,5.45,152,tomato
64,33,59,20.62,65,7.31,120,millets
76,37,49,20.57,87,7.12,229,tomato
93,27,54,21.02,57,6.47,238,millets
56,49,38,30.17,87,5.78,182,cotton
37,31,16,23.57,52,5.09,249,cotton
66,54,10,21.85,80,5.54,205,potato
64,41,60,33.64,65,6.41,159,onion
67,39,20,23.98,85,7.42,203,tomato
90,46,36,25.75,93,5.52,93,wheat
48,23,36,35.09,67,5.72,255,soybean
34,10,29,25.87,70,7.5,50,potato
61,14,17,36.91,72,7.65,191,wheat
54,27,17,29.77,82,5.74,137,rice
43,28,55,35.83,65,6.92,197,potato
94,11,14,20.39,82,5.84,278,potato
61,13,53,26.01,93,6.39,278,sugarcane
89,58,14,30.95,67,5.95,79,soybean
57,57,39,34.38,59,6.66,131,tomato
94,14,60,18.85,94,5.82,186,onion
39,58,23,22.9,95,7.16,170,barley
40,50,36,22.89,90,6.08,178,wheat
65,51,44,18.49,56,7.46,279,millets
48,16,22,25.08,57,6.43,238,cotton
51,51,46,36.22,58,6.39,255,cotton
51,31,11,35.53,77,5.49,104,barley
68,22,59,25.75,75,7.54,181,soybean
93,51,45,27.48,51,6.69,257,millets
91,43,60,27.25,50,5.76,184,millets
33,28,19,20.98,67,5.19,163,soybean
46,14,18,19.78,55,5.01,277,onion
69,15,38,30.25,53,7.6,252,rice
42,26,54,23.73,62,6.64,203,groundnut
45,27,44,18.52,58,5.99,202,maize
60,34,24,21.37,65,6.03,171,cotton
30,20,25,26.78,75,6.51,156,cotton
43,38,59,31.99,76,5.05,129,maize
47,17,23,22.74,66,6.29,292,rice
85,52,53,21.59,87,5.25,62,barley
92,29,38,32.64,53,5.05,170,soybean
77,16,43,22.88,60,5.38,217,rice
46,17,25,20.72,93,6.24,202,wheat
64,23,59,21.91,61,7.68,85,barley
30,31,13,31.92,81,6.68,143,rice
53,32,10,28.14,55,5.7,199,maize
39,19,18,34.09,84,7.74,65,wheat
51,23,31,25.08,86,7.12,145,tomato
83,25,38,26.51,64,5.54,184,wheat
90,36,25,23.54,77,5.24,257,barley
44,59,32,21.87,94,5.8,233,groundnut
41,12,39,29.74,89,5.14,170,sugarcane
95,43,30,31.65,61,6.04,189,potato
59,29,56,26.9,91,5.31,135,wheat
68,29,50,20.35,72,6.81,284,tomato
74,48,27,28.82,59,6.58,72,maize
40,19,36,18.78,71,7.45,154,wheat
88,23,11,29.45,61,7.35,65,tomato
61,58,33,35.13,64,7.23,251,tomato
37,31,39,22.78,66,6.86,91,groundnut
68,27,55,30.68,64,5.11,240,rice
30,32,17,25.2,63,6.51,249,soybean
84,18,36,35.12,95,6.66,133,barley
77,35,10,21.65,80,6.36,268,rice
91,28,48,33.55,55,6.54,185,cotton
69,11,14,34.43,58,5.57,195,wheat
80,59,46,31.01,52,5.75,130,groundnut
69,34,45,20.56,77,6.61,149,onion
54,31,51,34.77,64,5.02,297,onion
30,16,33,21.68,55,7.63,153,groundnut
30,16,22,19.47,70,7.73,216,potato
76,28,59,21.67,94,7.75,109,tomato
